"";"exercicio";"instituicao";"cod_ibge";"uf";"anexo";"rotulo";"coluna";"cod_conta";"conta";"valor";"populacao";"cod_interno"
"1";2018;"Governo Federal";1;"BR";"DCA-Anexo I-C";"Padrão";"Receitas Brutas Realizadas";"TotalReceitas";"Total Receitas";2971000997563,56;8569324;"TotalReceitas"
"2";2018;"Governo Federal";1;"BR";"DCA-Anexo I-C";"Padrão";"Outras Deduções da Receita";"TotalReceitas";"Total Receitas";-30319269594,08;8569324;"TotalReceitas"
"3";2018;"Governo Federal";1;"BR";"DCA-Anexo I-C";"Padrão";"Receitas Brutas Realizadas";"RO1.0.0.0.00.0.0";"1.0.0.0.00.0.0 - Receitas Correntes";1558272367835,03;8569324;"1.0.0.0.00.0.0"
"4";2018;"Governo Federal";1;"BR";"DCA-Anexo I-C";"Padrão";"Outras Deduções da Receita";"RO1.0.0.0.00.0.0";"1.0.0.0.00.0.0 - Receitas Correntes";-22609772517,26;8569324;"1.0.0.0.00.0.0"
"5";2018;"Governo Federal";1;"BR";"DCA-Anexo I-C";"Padrão";"Receitas Brutas Realizadas";"RO1.1.0.0.00.0.0";"1.1.0.0.00.0.0 - Impostos, Taxas e Contribuições de Melhoria";533898671517,6;8569324;"1.1.0.0.00.0.0"
"6";2018;"Governo Federal";1;"BR";"DCA-Anexo I-C";"Padrão";"Outras Deduções da Receita";"RO1.1.0.0.00.0.0";"1.1.0.0.00.0.0 - Impostos, Taxas e Contribuições de Melhoria";-26724529308,43;8569324;"1.1.0.0.00.0.0"
"7";2018;"Governo Federal";1;"BR";"DCA-Anexo I-C";"Padrão";"Receitas Brutas Realizadas";"RO1.1.1.0.00.0.0";"1.1.1.0.00.0.0 - Impostos";524217564260,52;8569324;"1.1.1.0.00.0.0"
"8";2018;"Governo Federal";1;"BR";"DCA-Anexo I-C";"Padrão";"Outras Deduções da Receita";"RO1.1.1.0.00.0.0";"1.1.1.0.00.0.0 - Impostos";-26652501709,5;8569324;"1.1.1.0.00.0.0"
"9";2018;"Governo Federal";1;"BR";"DCA-Anexo I-C";"Padrão";"Receitas Brutas Realizadas";"RO1.1.1.1.00.0.0";"1.1.1.1.00.0.0 - Impostos sobre o Comércio Exterior";40707196937,62;8569324;"1.1.1.1.00.0.0"
"10";2018;"Governo Federal";1;"BR";"DCA-Anexo I-C";"Padrão";"Outras Deduções da Receita";"RO1.1.1.1.00.0.0";"1.1.1.1.00.0.0 - Impostos sobre o Comércio Exterior";105271336,56;8569324;"1.1.1.1.00.0.0"
"11";2018;"Governo Federal";1;"BR";"DCA-Anexo I-C";"Padrão";"Receitas Brutas Realizadas";"RO1.1.1.1.01.0.0";"1.1.1.1.01.0.0 - Imposto sobre a Importação";40691879707,69;8569324;"1.1.1.1.01.0.0"
"12";2018;"Governo Federal";1;"BR";"DCA-Anexo I-C";"Padrão";"Outras Deduções da Receita";"RO1.1.1.1.01.0.0";"1.1.1.1.01.0.0 - Imposto sobre a Importação";105271336,56;8569324;"1.1.1.1.01.0.0"
"13";2018;"Governo Federal";1;"BR";"DCA-Anexo I-C";"Padrão";"Receitas Brutas Realizadas";"RO1.1.1.1.02.0.0";"1.1.1.1.02.0.0 - Imposto sobre a Exportação";15317229,93;8569324;"1.1.1.1.02.0.0"
"14";2018;"Governo Federal";1;"BR";"DCA-Anexo I-C";"Padrão";"Receitas Brutas Realizadas";"RO1.1.1.2.00.0.0";"1.1.1.2.00.0.0 - Impostos sobre o Patrimônio";1482023792,75;8569324;"1.1.1.2.00.0.0"
"15";2018;"Governo Federal";1;"BR";"DCA-Anexo I-C";"Padrão";"Outras Deduções da Receita";"RO1.1.1.2.00.0.0";"1.1.1.2.00.0.0 - Impostos sobre o Patrimônio";-1176741,43;8569324;"1.1.1.2.00.0.0"
"16";2018;"Governo Federal";1;"BR";"DCA-Anexo I-C";"Padrão";"Receitas Brutas Realizadas";"RO1.1.1.2.01.0.0";"1.1.1.2.01.0.0 - Imposto sobre a Propriedade Territorial Rural";1482023792,75;8569324;"1.1.1.2.01.0.0"
"17";2018;"Governo Federal";1;"BR";"DCA-Anexo I-C";"Padrão";"Outras Deduções da Receita";"RO1.1.1.2.01.0.0";"1.1.1.2.01.0.0 - Imposto sobre a Propriedade Territorial Rural";-1176741,43;8569324;"1.1.1.2.01.0.0"
"18";2018;"Governo Federal";1;"BR";"DCA-Anexo I-C";"Padrão";"Receitas Brutas Realizadas";"RO1.1.1.3.00.0.0";"1.1.1.3.00.0.0 - Impostos sobre a Renda e Proventos de Qualquer Natureza";391095742189,31;8569324;"1.1.1.3.00.0.0"
"19";2018;"Governo Federal";1;"BR";"DCA-Anexo I-C";"Padrão";"Outras Deduções da Receita";"RO1.1.1.3.00.0.0";"1.1.1.3.00.0.0 - Impostos sobre a Renda e Proventos de Qualquer Natureza";-28040843079,94;8569324;"1.1.1.3.00.0.0"
"20";2018;"Governo Federal";1;"BR";"DCA-Anexo I-C";"Padrão";"Receitas Brutas Realizadas";"RO1.1.1.3.01.0.0";"1.1.1.3.01.0.0 - Imposto sobre a Renda de Pessoa Física - IRPF";34302463528,06;8569324;"1.1.1.3.01.0.0"
"21";2018;"Governo Federal";1;"BR";"DCA-Anexo I-C";"Padrão";"Outras Deduções da Receita";"RO1.1.1.3.01.0.0";"1.1.1.3.01.0.0 - Imposto sobre a Renda de Pessoa Física - IRPF";999271219,71;8569324;"1.1.1.3.01.0.0"
"22";2018;"Governo Federal";1;"BR";"DCA-Anexo I-C";"Padrão";"Receitas Brutas Realizadas";"RO1.1.1.3.02.0.0";"1.1.1.3.02.0.0 - Imposto sobre a Renda de Pessoa Jurídica - IRPJ - Líquida de Incentivos";141811722764,38;8569324;"1.1.1.3.02.0.0"
"23";2018;"Governo Federal";1;"BR";"DCA-Anexo I-C";"Padrão";"Outras Deduções da Receita";"RO1.1.1.3.02.0.0";"1.1.1.3.02.0.0 - Imposto sobre a Renda de Pessoa Jurídica - IRPJ - Líquida de Incentivos";-17631701693,04;8569324;"1.1.1.3.02.0.0"
"24";2018;"Governo Federal";1;"BR";"DCA-Anexo I-C";"Padrão";"Receitas Brutas Realizadas";"RO1.1.1.3.03.0.0";"1.1.1.3.03.0.0 - Imposto sobre a Renda - Retido na Fonte";214981555896,87;8569324;"1.1.1.3.03.0.0"
"25";2018;"Governo Federal";1;"BR";"DCA-Anexo I-C";"Padrão";"Outras Deduções da Receita";"RO1.1.1.3.03.0.0";"1.1.1.3.03.0.0 - Imposto sobre a Renda - Retido na Fonte";-11408412606,61;8569324;"1.1.1.3.03.0.0"
"26";2018;"Governo Federal";1;"BR";"DCA-Anexo I-C";"Padrão";"Receitas Brutas Realizadas";"RO1.1.1.3.03.1.0";"1.1.1.3.03.1.0 - Imposto sobre a Renda - Retido na Fonte - Trabalho";119851278238,71;8569324;"1.1.1.3.03.1.0"
"27";2018;"Governo Federal";1;"BR";"DCA-Anexo I-C";"Padrão";"Outras Deduções da Receita";"RO1.1.1.3.03.1.0";"1.1.1.3.03.1.0 - Imposto sobre a Renda - Retido na Fonte - Trabalho";-15943753747,39;8569324;"1.1.1.3.03.1.0"
"28";2018;"Governo Federal";1;"BR";"DCA-Anexo I-C";"Padrão";"Receitas Brutas Realizadas";"RO1.1.1.3.03.2.0";"1.1.1.3.03.2.0 - Imposto sobre a Renda - Retido na Fonte - Capital";51872047692,5;8569324;"1.1.1.3.03.2.0"
"29";2018;"Governo Federal";1;"BR";"DCA-Anexo I-C";"Padrão";"Outras Deduções da Receita";"RO1.1.1.3.03.2.0";"1.1.1.3.03.2.0 - Imposto sobre a Renda - Retido na Fonte - Capital";1713450695,63;8569324;"1.1.1.3.03.2.0"
"30";2018;"Governo Federal";1;"BR";"DCA-Anexo I-C";"Padrão";"Receitas Brutas Realizadas";"RO1.1.1.3.03.3.0";"1.1.1.3.03.3.0 - Imposto sobre a Renda - Retido na Fonte - Remessa ao Exterior";32610550819,59;8569324;"1.1.1.3.03.3.0"
"31";2018;"Governo Federal";1;"BR";"DCA-Anexo I-C";"Padrão";"Outras Deduções da Receita";"RO1.1.1.3.03.3.0";"1.1.1.3.03.3.0 - Imposto sobre a Renda - Retido na Fonte - Remessa ao Exterior";2720324852,03;8569324;"1.1.1.3.03.3.0"
"32";2018;"Governo Federal";1;"BR";"DCA-Anexo I-C";"Padrão";"Receitas Brutas Realizadas";"RO1.1.1.3.03.4.0";"1.1.1.3.03.4.0 - Imposto sobre a Renda - Retido na Fonte - Outros Rendimentos";10647679146,07;8569324;"1.1.1.3.03.4.0"
"33";2018;"Governo Federal";1;"BR";"DCA-Anexo I-C";"Padrão";"Outras Deduções da Receita";"RO1.1.1.3.03.4.0";"1.1.1.3.03.4.0 - Imposto sobre a Renda - Retido na Fonte - Outros Rendimentos";101565593,12;8569324;"1.1.1.3.03.4.0"
"34";2018;"Governo Federal";1;"BR";"DCA-Anexo I-C";"Padrão";"Receitas Brutas Realizadas";"RO1.1.1.4.00.0.0";"1.1.1.4.00.0.0 - Impostos sobre a Produção, Circulação e Serviços";54590997574,92;8569324;"1.1.1.4.00.0.0"
"35";2018;"Governo Federal";1;"BR";"DCA-Anexo I-C";"Padrão";"Outras Deduções da Receita";"RO1.1.1.4.00.0.0";"1.1.1.4.00.0.0 - Impostos sobre a Produção, Circulação e Serviços";836322318,44;8569324;"1.1.1.4.00.0.0"
"36";2018;"Governo Federal";1;"BR";"DCA-Anexo I-C";"Padrão";"Receitas Brutas Realizadas";"RO1.1.1.4.01.0.0";"1.1.1.4.01.0.0 - Imposto sobre Produtos Industrializados - IPI";54590997574,92;8569324;"1.1.1.4.01.0.0"
"37";2018;"Governo Federal";1;"BR";"DCA-Anexo I-C";"Padrão";"Outras Deduções da Receita";"RO1.1.1.4.01.0.0";"1.1.1.4.01.0.0 - Imposto sobre Produtos Industrializados - IPI";836322318,44;8569324;"1.1.1.4.01.0.0"
"38";2018;"Governo Federal";1;"BR";"DCA-Anexo I-C";"Padrão";"Receitas Brutas Realizadas";"RO1.1.1.4.01.1.0";"1.1.1.4.01.1.0 - Imposto sobre Produtos Industrializados - IPI - Fumo";5148005043,47;8569324;"1.1.1.4.01.1.0"
"39";2018;"Governo Federal";1;"BR";"DCA-Anexo I-C";"Padrão";"Outras Deduções da Receita";"RO1.1.1.4.01.1.0";"1.1.1.4.01.1.0 - Imposto sobre Produtos Industrializados - IPI - Fumo";68363533,13;8569324;"1.1.1.4.01.1.0"
"40";2018;"Governo Federal";1;"BR";"DCA-Anexo I-C";"Padrão";"Receitas Brutas Realizadas";"RO1.1.1.4.01.2.0";"1.1.1.4.01.2.0 - Imposto sobre Produtos Industrializados - IPI- Bebidas";2510448480,17;8569324;"1.1.1.4.01.2.0"
"41";2018;"Governo Federal";1;"BR";"DCA-Anexo I-C";"Padrão";"Outras Deduções da Receita";"RO1.1.1.4.01.2.0";"1.1.1.4.01.2.0 - Imposto sobre Produtos Industrializados - IPI- Bebidas";257178345,76;8569324;"1.1.1.4.01.2.0"
"42";2018;"Governo Federal";1;"BR";"DCA-Anexo I-C";"Padrão";"Receitas Brutas Realizadas";"RO1.1.1.4.01.3.0";"1.1.1.4.01.3.0 - Imposto sobre Produtos Industrializados - IPI - Automóveis";4317935533,29;8569324;"1.1.1.4.01.3.0"
"43";2018;"Governo Federal";1;"BR";"DCA-Anexo I-C";"Padrão";"Outras Deduções da Receita";"RO1.1.1.4.01.3.0";"1.1.1.4.01.3.0 - Imposto sobre Produtos Industrializados - IPI - Automóveis";1395397501,14;8569324;"1.1.1.4.01.3.0"
"44";2018;"Governo Federal";1;"BR";"DCA-Anexo I-C";"Padrão";"Receitas Brutas Realizadas";"RO1.1.1.4.01.4.0";"1.1.1.4.01.4.0 - Imposto sobre Produtos Industrializados - IPI - Vinculados à Importação";18031714896,66;8569324;"1.1.1.4.01.4.0"
"45";2018;"Governo Federal";1;"BR";"DCA-Anexo I-C";"Padrão";"Outras Deduções da Receita";"RO1.1.1.4.01.4.0";"1.1.1.4.01.4.0 - Imposto sobre Produtos Industrializados - IPI - Vinculados à Importação";2599051,94;8569324;"1.1.1.4.01.4.0"
"46";2018;"Governo Federal";1;"BR";"DCA-Anexo I-C";"Padrão";"Receitas Brutas Realizadas";"RO1.1.1.4.01.5.0";"1.1.1.4.01.5.0 - Imposto sobre Produtos Industrializados - IPI - Outros Produtos";24582893621,33;8569324;"1.1.1.4.01.5.0"
"47";2018;"Governo Federal";1;"BR";"DCA-Anexo I-C";"Padrão";"Outras Deduções da Receita";"RO1.1.1.4.01.5.0";"1.1.1.4.01.5.0 - Imposto sobre Produtos Industrializados - IPI - Outros Produtos";-887216113,53;8569324;"1.1.1.4.01.5.0"
"48";2018;"Governo Federal";1;"BR";"DCA-Anexo I-C";"Padrão";"Receitas Brutas Realizadas";"RO1.1.1.5.00.0.0";"1.1.1.5.00.0.0 - Impostos sobre Operações de Crédito, Câmbio e Seguro, ou Relativas a Títulos ou Valores Mobiliários";36339093377,22;8569324;"1.1.1.5.00.0.0"
"49";2018;"Governo Federal";1;"BR";"DCA-Anexo I-C";"Padrão";"Outras Deduções da Receita";"RO1.1.1.5.00.0.0";"1.1.1.5.00.0.0 - Impostos sobre Operações de Crédito, Câmbio e Seguro, ou Relativas a Títulos ou Valores Mobiliários";447033071,59;8569324;"1.1.1.5.00.0.0"
"50";2018;"Governo Federal";1;"BR";"DCA-Anexo I-C";"Padrão";"Receitas Brutas Realizadas";"RO1.1.1.5.01.0.0";"1.1.1.5.01.0.0 - Imposto sobre Operações Financeiras - IOF";36339093377,22;8569324;"1.1.1.5.01.0.0"
"51";2018;"Governo Federal";1;"BR";"DCA-Anexo I-C";"Padrão";"Outras Deduções da Receita";"RO1.1.1.5.01.0.0";"1.1.1.5.01.0.0 - Imposto sobre Operações Financeiras - IOF";447033071,59;8569324;"1.1.1.5.01.0.0"
"52";2018;"Governo Federal";1;"BR";"DCA-Anexo I-C";"Padrão";"Receitas Brutas Realizadas";"RO1.1.1.5.01.1.0";"1.1.1.5.01.1.0 - Imposto sobre Operações Financeiras - IOF - Ouro";16025470,82;8569324;"1.1.1.5.01.1.0"
"53";2018;"Governo Federal";1;"BR";"DCA-Anexo I-C";"Padrão";"Outras Deduções da Receita";"RO1.1.1.5.01.1.0";"1.1.1.5.01.1.0 - Imposto sobre Operações Financeiras - IOF - Ouro";-762,88;8569324;"1.1.1.5.01.1.0"
"54";2018;"Governo Federal";1;"BR";"DCA-Anexo I-C";"Padrão";"Receitas Brutas Realizadas";"RO1.1.1.5.01.2.0";"1.1.1.5.01.2.0 - Imposto sobre Operações Financeiras - IOF - Demais Operações";36323067906,4;8569324;"1.1.1.5.01.2.0"
"55";2018;"Governo Federal";1;"BR";"DCA-Anexo I-C";"Padrão";"Outras Deduções da Receita";"RO1.1.1.5.01.2.0";"1.1.1.5.01.2.0 - Imposto sobre Operações Financeiras - IOF - Demais Operações";447033834,47;8569324;"1.1.1.5.01.2.0"
"56";2018;"Governo Federal";1;"BR";"DCA-Anexo I-C";"Padrão";"Receitas Brutas Realizadas";"RO1.1.1.9.00.0.0";"1.1.1.9.00.0.0 - Outros Impostos";2510388,7;8569324;"1.1.1.9.00.0.0"
"57";2018;"Governo Federal";1;"BR";"DCA-Anexo I-C";"Padrão";"Outras Deduções da Receita";"RO1.1.1.9.00.0.0";"1.1.1.9.00.0.0 - Outros Impostos";891385,28;8569324;"1.1.1.9.00.0.0"
"58";2018;"Governo Federal";1;"BR";"DCA-Anexo I-C";"Padrão";"Receitas Brutas Realizadas";"RO1.1.2.0.00.0.0";"1.1.2.0.00.0.0 - Taxas";9681107257,08;8569324;"1.1.2.0.00.0.0"
"59";2018;"Governo Federal";1;"BR";"DCA-Anexo I-C";"Padrão";"Outras Deduções da Receita";"RO1.1.2.0.00.0.0";"1.1.2.0.00.0.0 - Taxas";-72027598,93;8569324;"1.1.2.0.00.0.0"
"60";2018;"Governo Federal";1;"BR";"DCA-Anexo I-C";"Padrão";"Receitas Brutas Realizadas";"RO1.1.2.1.00.0.0";"1.1.2.1.00.0.0 - Taxas pelo Exercício do Poder de Polícia";8628122995,08;8569324;"1.1.2.1.00.0.0"
"61";2018;"Governo Federal";1;"BR";"DCA-Anexo I-C";"Padrão";"Outras Deduções da Receita";"RO1.1.2.1.00.0.0";"1.1.2.1.00.0.0 - Taxas pelo Exercício do Poder de Polícia";-61275934,7;8569324;"1.1.2.1.00.0.0"
"62";2018;"Governo Federal";1;"BR";"DCA-Anexo I-C";"Padrão";"Receitas Brutas Realizadas";"RO1.1.2.1.01.0.0";"1.1.2.1.01.0.0 - Taxas de Inspeção, Controle e Fiscalização";4868602673,75;8569324;"1.1.2.1.01.0.0"
"63";2018;"Governo Federal";1;"BR";"DCA-Anexo I-C";"Padrão";"Outras Deduções da Receita";"RO1.1.2.1.01.0.0";"1.1.2.1.01.0.0 - Taxas de Inspeção, Controle e Fiscalização";-32990985;8569324;"1.1.2.1.01.0.0"
"64";2018;"Governo Federal";1;"BR";"DCA-Anexo I-C";"Padrão";"Receitas Brutas Realizadas";"RO1.1.2.1.02.0.0";"1.1.2.1.02.0.0 - Taxas de Fiscalização das Telecomunicações";3395687845,77;8569324;"1.1.2.1.02.0.0"
"65";2018;"Governo Federal";1;"BR";"DCA-Anexo I-C";"Padrão";"Outras Deduções da Receita";"RO1.1.2.1.02.0.0";"1.1.2.1.02.0.0 - Taxas de Fiscalização das Telecomunicações";-17036596,47;8569324;"1.1.2.1.02.0.0"
"66";2018;"Governo Federal";1;"BR";"DCA-Anexo I-C";"Padrão";"Receitas Brutas Realizadas";"RO1.1.2.1.03.0.0";"1.1.2.1.03.0.0 - Taxa de Controle e Fiscalização de Produtos Químicos";37821836,32;8569324;"1.1.2.1.03.0.0"
"67";2018;"Governo Federal";1;"BR";"DCA-Anexo I-C";"Padrão";"Outras Deduções da Receita";"RO1.1.2.1.03.0.0";"1.1.2.1.03.0.0 - Taxa de Controle e Fiscalização de Produtos Químicos";-181809,23;8569324;"1.1.2.1.03.0.0"
"68";2018;"Governo Federal";1;"BR";"DCA-Anexo I-C";"Padrão";"Receitas Brutas Realizadas";"RO1.1.2.1.04.0.0";"1.1.2.1.04.0.0 - Taxa de Controle e Fiscalização Ambiental";311481839,15;8569324;"1.1.2.1.04.0.0"
"69";2018;"Governo Federal";1;"BR";"DCA-Anexo I-C";"Padrão";"Outras Deduções da Receita";"RO1.1.2.1.04.0.0";"1.1.2.1.04.0.0 - Taxa de Controle e Fiscalização Ambiental";-11055067,55;8569324;"1.1.2.1.04.0.0"
"70";2018;"Governo Federal";1;"BR";"DCA-Anexo I-C";"Padrão";"Receitas Brutas Realizadas";"RO1.1.2.1.05.0.0";"1.1.2.1.05.0.0 - Taxa de Controle e Fiscalização da Pesca e Aquicultura";14528800,09;8569324;"1.1.2.1.05.0.0"
"71";2018;"Governo Federal";1;"BR";"DCA-Anexo I-C";"Padrão";"Outras Deduções da Receita";"RO1.1.2.1.05.0.0";"1.1.2.1.05.0.0 - Taxa de Controle e Fiscalização da Pesca e Aquicultura";-11476,45;8569324;"1.1.2.1.05.0.0"
"72";2018;"Governo Federal";1;"BR";"DCA-Anexo I-C";"Padrão";"Receitas Brutas Realizadas";"RO1.1.2.2.00.0.0";"1.1.2.2.00.0.0 - Taxas pela Prestação de Serviços";1052984262;8569324;"1.1.2.2.00.0.0"
"73";2018;"Governo Federal";1;"BR";"DCA-Anexo I-C";"Padrão";"Outras Deduções da Receita";"RO1.1.2.2.00.0.0";"1.1.2.2.00.0.0 - Taxas pela Prestação de Serviços";-10751664,23;8569324;"1.1.2.2.00.0.0"
"74";2018;"Governo Federal";1;"BR";"DCA-Anexo I-C";"Padrão";"Receitas Brutas Realizadas";"RO1.1.2.2.01.0.0";"1.1.2.2.01.0.0 - Taxas pela Prestação de Serviços";228518221,83;8569324;"1.1.2.2.01.0.0"
"75";2018;"Governo Federal";1;"BR";"DCA-Anexo I-C";"Padrão";"Outras Deduções da Receita";"RO1.1.2.2.01.0.0";"1.1.2.2.01.0.0 - Taxas pela Prestação de Serviços";-156457,93;8569324;"1.1.2.2.01.0.0"
"76";2018;"Governo Federal";1;"BR";"DCA-Anexo I-C";"Padrão";"Receitas Brutas Realizadas";"RO1.1.2.2.02.0.0";"1.1.2.2.02.0.0 - Emolumentos e Custas Judiciais";824466040,17;8569324;"1.1.2.2.02.0.0"
"77";2018;"Governo Federal";1;"BR";"DCA-Anexo I-C";"Padrão";"Outras Deduções da Receita";"RO1.1.2.2.02.0.0";"1.1.2.2.02.0.0 - Emolumentos e Custas Judiciais";-10595206,3;8569324;"1.1.2.2.02.0.0"
"78";2018;"Governo Federal";1;"BR";"DCA-Anexo I-C";"Padrão";"Receitas Brutas Realizadas";"RO1.2.0.0.00.0.0";"1.2.0.0.00.0.0 - Contribuições";831166676538,38;8569324;"1.2.0.0.00.0.0"
"79";2018;"Governo Federal";1;"BR";"DCA-Anexo I-C";"Padrão";"Outras Deduções da Receita";"RO1.2.0.0.00.0.0";"1.2.0.0.00.0.0 - Contribuições";13316868407,66;8569324;"1.2.0.0.00.0.0"
"80";2018;"Governo Federal";1;"BR";"DCA-Anexo I-C";"Padrão";"Receitas Brutas Realizadas";"RO1.2.1.0.00.0.0";"1.2.1.0.00.0.0 - Contribuições Sociais";813642913906,63;8569324;"1.2.1.0.00.0.0"
"81";2018;"Governo Federal";1;"BR";"DCA-Anexo I-C";"Padrão";"Outras Deduções da Receita";"RO1.2.1.0.00.0.0";"1.2.1.0.00.0.0 - Contribuições Sociais";13128316943,28;8569324;"1.2.1.0.00.0.0"
"82";2018;"Governo Federal";1;"BR";"DCA-Anexo I-C";"Padrão";"Receitas Brutas Realizadas";"RO1.2.1.1.00.0.0";"1.2.1.1.00.0.0 Contribuição para Financiamento da Seguridade Social - COFINS";242251771532,28;8569324;"1.2.1.1.00.0.0 Contribuição para Financiamento da Seguridade Social"
"83";2018;"Governo Federal";1;"BR";"DCA-Anexo I-C";"Padrão";"Outras Deduções da Receita";"RO1.2.1.1.00.0.0";"1.2.1.1.00.0.0 Contribuição para Financiamento da Seguridade Social - COFINS";9214258403,27;8569324;"1.2.1.1.00.0.0 Contribuição para Financiamento da Seguridade Social"
"84";2018;"Governo Federal";1;"BR";"DCA-Anexo I-C";"Padrão";"Receitas Brutas Realizadas";"RO1.2.1.2.00.0.0";"1.2.1.2.00.0.0 Contribuição para o Programa de Integração Social e para Programa de Formação de Patrimônio do Servidor Público PIS/PASEP";64519849596,7;8569324;"RO1.2.1.2.00.0.0"
"85";2018;"Governo Federal";1;"BR";"DCA-Anexo I-C";"Padrão";"Outras Deduções da Receita";"RO1.2.1.2.00.0.0";"1.2.1.2.00.0.0 Contribuição para o Programa de Integração Social e para Programa de Formação de Patrimônio do Servidor Público PIS/PASEP";1604821577,14;8569324;"RO1.2.1.2.00.0.0"
"86";2018;"Governo Federal";1;"BR";"DCA-Anexo I-C";"Padrão";"Receitas Brutas Realizadas";"RO1.2.1.3.00.0.0";"1.2.1.3.00.0.0 Contribuição Social sobre o Lucro Líquido - CSLL";78835643915,9;8569324;"1.2.1.3.00.0.0 Contribuição Social sobre o Lucro Líquido"
"87";2018;"Governo Federal";1;"BR";"DCA-Anexo I-C";"Padrão";"Outras Deduções da Receita";"RO1.2.1.3.00.0.0";"1.2.1.3.00.0.0 Contribuição Social sobre o Lucro Líquido - CSLL";-286468966,01;8569324;"1.2.1.3.00.0.0 Contribuição Social sobre o Lucro Líquido"
"88";2018;"Governo Federal";1;"BR";"DCA-Anexo I-C";"Padrão";"Receitas Brutas Realizadas";"RO1.2.1.4.00.0.0";"1.2.1.4.00.0.0 Contribuições para o Regime Geral de Previdência Social - RGPS";376244889469,23;8569324;"1.2.1.4.00.0.0 Contribuições para o Regime Geral de Previdência Social"
"89";2018;"Governo Federal";1;"BR";"DCA-Anexo I-C";"Padrão";"Outras Deduções da Receita";"RO1.2.1.4.00.0.0";"1.2.1.4.00.0.0 Contribuições para o Regime Geral de Previdência Social - RGPS";2526567169,84;8569324;"1.2.1.4.00.0.0 Contribuições para o Regime Geral de Previdência Social"
"90";2018;"Governo Federal";1;"BR";"DCA-Anexo I-C";"Padrão";"Receitas Brutas Realizadas";"RO1.2.1.4.01.0.0";"1.2.1.4.01.0.0 Contribuição Previdenciária da Empresa";376244591750,42;8569324;"RO1.2.1.4.01.0.0"
"91";2018;"Governo Federal";1;"BR";"DCA-Anexo I-C";"Padrão";"Outras Deduções da Receita";"RO1.2.1.4.01.0.0";"1.2.1.4.01.0.0 Contribuição Previdenciária da Empresa";2526575227,12;8569324;"RO1.2.1.4.01.0.0"
"92";2018;"Governo Federal";1;"BR";"DCA-Anexo I-C";"Padrão";"Outras Deduções da Receita";"RO1.2.1.4.03.0.0";"1.2.1.4.03.0.0 Contribuição Previdenciária do Segurado Obrigatório";-7162,35;8569324;"RO1.2.1.4.03.0.0"
"93";2018;"Governo Federal";1;"BR";"DCA-Anexo I-C";"Padrão";"Outras Deduções da Receita";"RO1.2.1.4.04.0.0";"1.2.1.4.04.0.0 Contribuição Previdenciária do Segurado Facultativo";-894,93;8569324;"RO1.2.1.4.04.0.0"
"94";2018;"Governo Federal";1;"BR";"DCA-Anexo I-C";"Padrão";"Receitas Brutas Realizadas";"RO1.2.1.4.49.0.0";"1.2.1.4.49.0.0 Contribuições para o Regime Geral de Previdência Social - RGPS - Parcelamentos";297718,81;8569324;"1.2.1.4.49.0.0 Contribuições para o Regime Geral de Previdência Social"
"95";2018;"Governo Federal";1;"BR";"DCA-Anexo I-C";"Padrão";"Receitas Brutas Realizadas";"RO1.2.1.5.00.0.0";"1.2.1.5.00.0.0 Contribuição para o Plano de Seguridade Social do Servidor Público - CPSSS";13806792542,25;8569324;"1.2.1.5.00.0.0 Contribuição para o Plano de Seguridade Social do Servidor Público"
"96";2018;"Governo Federal";1;"BR";"DCA-Anexo I-C";"Padrão";"Outras Deduções da Receita";"RO1.2.1.5.00.0.0";"1.2.1.5.00.0.0 Contribuição para o Plano de Seguridade Social do Servidor Público - CPSSS";-24398714,89;8569324;"1.2.1.5.00.0.0 Contribuição para o Plano de Seguridade Social do Servidor Público"
"97";2018;"Governo Federal";1;"BR";"DCA-Anexo I-C";"Padrão";"Receitas Brutas Realizadas";"RO1.2.1.5.01.0.0";"1.2.1.5.01.0.0 CPSSS - Servidor Civil";13806792542,25;8569324;"1.2.1.5.01.0.0 CPSSS"
"98";2018;"Governo Federal";1;"BR";"DCA-Anexo I-C";"Padrão";"Outras Deduções da Receita";"RO1.2.1.5.01.0.0";"1.2.1.5.01.0.0 CPSSS - Servidor Civil";-24398714,89;8569324;"1.2.1.5.01.0.0 CPSSS"
"99";2018;"Governo Federal";1;"BR";"DCA-Anexo I-C";"Padrão";"Receitas Brutas Realizadas";"RO1.2.1.6.00.0.0";"1.2.1.6.00.0.0 Contribuição para Fundos de Assistência Médica";31418950,93;8569324;"RO1.2.1.6.00.0.0"
"100";2018;"Governo Federal";1;"BR";"DCA-Anexo I-C";"Padrão";"Outras Deduções da Receita";"RO1.2.1.6.00.0.0";"1.2.1.6.00.0.0 Contribuição para Fundos de Assistência Médica";-688,23;8569324;"RO1.2.1.6.00.0.0"
"101";2018;"Governo Federal";1;"BR";"DCA-Anexo I-C";"Padrão";"Receitas Brutas Realizadas";"RO1.2.1.6.01.0.0";"1.2.1.6.01.0.0 Contribuição para Fundos de Assistência Médica - Policiais Militares";17707143,37;8569324;"1.2.1.6.01.0.0 Contribuição para Fundos de Assistência Médica"
"102";2018;"Governo Federal";1;"BR";"DCA-Anexo I-C";"Padrão";"Outras Deduções da Receita";"RO1.2.1.6.01.0.0";"1.2.1.6.01.0.0 Contribuição para Fundos de Assistência Médica - Policiais Militares";-688,23;8569324;"1.2.1.6.01.0.0 Contribuição para Fundos de Assistência Médica"
"103";2018;"Governo Federal";1;"BR";"DCA-Anexo I-C";"Padrão";"Receitas Brutas Realizadas";"RO1.2.1.6.02.0.0";"1.2.1.6.02.0.0 Contribuição para Fundos de Assistência Médica - Bombeiros Militares";13711807,56;8569324;"1.2.1.6.02.0.0 Contribuição para Fundos de Assistência Médica"
"104";2018;"Governo Federal";1;"BR";"DCA-Anexo I-C";"Padrão";"Receitas Brutas Realizadas";"RO1.2.1.7.00.0.0";"1.2.1.7.00.0.0 Contribuições sobre Concursos de Prognósticos e Sorteios";4568796816,84;8569324;"RO1.2.1.7.00.0.0"
"105";2018;"Governo Federal";1;"BR";"DCA-Anexo I-C";"Padrão";"Outras Deduções da Receita";"RO1.2.1.7.00.0.0";"1.2.1.7.00.0.0 Contribuições sobre Concursos de Prognósticos e Sorteios";-10410,44;8569324;"RO1.2.1.7.00.0.0"
"106";2018;"Governo Federal";1;"BR";"DCA-Anexo I-C";"Padrão";"Receitas Brutas Realizadas";"RO1.2.1.9.00.0.0";"1.2.1.9.00.0.0 Outras Contribuições Sociais";33383751082,5;8569324;"RO1.2.1.9.00.0.0"
"107";2018;"Governo Federal";1;"BR";"DCA-Anexo I-C";"Padrão";"Outras Deduções da Receita";"RO1.2.1.9.00.0.0";"1.2.1.9.00.0.0 Outras Contribuições Sociais";93548572,6;8569324;"RO1.2.1.9.00.0.0"
"108";2018;"Governo Federal";1;"BR";"DCA-Anexo I-C";"Padrão";"Receitas Brutas Realizadas";"RO1.2.1.9.01.0.0";"1.2.1.9.01.0.0 Contribuição sobre Sorteios Realizados por Entidades Filantrópicas";565864,94;8569324;"RO1.2.1.9.01.0.0"
"109";2018;"Governo Federal";1;"BR";"DCA-Anexo I-C";"Padrão";"Outras Deduções da Receita";"RO1.2.1.9.01.0.0";"1.2.1.9.01.0.0 Contribuição sobre Sorteios Realizados por Entidades Filantrópicas";-7559908,97;8569324;"RO1.2.1.9.01.0.0"
"110";2018;"Governo Federal";1;"BR";"DCA-Anexo I-C";"Padrão";"Receitas Brutas Realizadas";"RO1.2.1.9.02.0.0";"1.2.1.9.02.0.0 Cota-Parte da Contribuição Sindical";138156950,59;8569324;"RO1.2.1.9.02.0.0"
"111";2018;"Governo Federal";1;"BR";"DCA-Anexo I-C";"Padrão";"Receitas Brutas Realizadas";"RO1.2.1.9.03.0.0";"1.2.1.9.03.0.0 Contribuições Referentes ao Fundo de Garantia do Tempo de Serviço - FGTS";5029898134,97;8569324;"1.2.1.9.03.0.0 Contribuições Referentes ao Fundo de Garantia do Tempo de Serviço"
"112";2018;"Governo Federal";1;"BR";"DCA-Anexo I-C";"Padrão";"Receitas Brutas Realizadas";"RO1.2.1.9.04.0.0";"1.2.1.9.04.0.0 Contribuição Social do Salário-Educação";21973630927,86;8569324;"RO1.2.1.9.04.0.0"
"113";2018;"Governo Federal";1;"BR";"DCA-Anexo I-C";"Padrão";"Outras Deduções da Receita";"RO1.2.1.9.04.0.0";"1.2.1.9.04.0.0 Contribuição Social do Salário-Educação";73952834,96;8569324;"RO1.2.1.9.04.0.0"
"114";2018;"Governo Federal";1;"BR";"DCA-Anexo I-C";"Padrão";"Receitas Brutas Realizadas";"RO1.2.1.9.05.0.0";"1.2.1.9.05.0.0 Contribuição para o Ensino Aeroviário";259113905,85;8569324;"RO1.2.1.9.05.0.0"
"115";2018;"Governo Federal";1;"BR";"DCA-Anexo I-C";"Padrão";"Outras Deduções da Receita";"RO1.2.1.9.05.0.0";"1.2.1.9.05.0.0 Contribuição para o Ensino Aeroviário";-2310991,06;8569324;"RO1.2.1.9.05.0.0"
"116";2018;"Governo Federal";1;"BR";"DCA-Anexo I-C";"Padrão";"Receitas Brutas Realizadas";"RO1.2.1.9.06.0.0";"1.2.1.9.06.0.0 Contribuição para o Desenvolvimento do Ensino Profissional Marítimo";171294110,77;8569324;"RO1.2.1.9.06.0.0"
"117";2018;"Governo Federal";1;"BR";"DCA-Anexo I-C";"Padrão";"Outras Deduções da Receita";"RO1.2.1.9.06.0.0";"1.2.1.9.06.0.0 Contribuição para o Desenvolvimento do Ensino Profissional Marítimo";-3757463,34;8569324;"RO1.2.1.9.06.0.0"
"118";2018;"Governo Federal";1;"BR";"DCA-Anexo I-C";"Padrão";"Receitas Brutas Realizadas";"RO1.2.1.9.07.0.0";"1.2.1.9.07.0.0 Contribuição sobre a Arrecadação dos Fundos de Investimentos Regionais";15692,13;8569324;"RO1.2.1.9.07.0.0"
"119";2018;"Governo Federal";1;"BR";"DCA-Anexo I-C";"Padrão";"Receitas Brutas Realizadas";"RO1.2.1.9.08.0.0";"1.2.1.9.08.0.0 Contribuição Industrial Rural";670347787,61;8569324;"RO1.2.1.9.08.0.0"
"120";2018;"Governo Federal";1;"BR";"DCA-Anexo I-C";"Padrão";"Outras Deduções da Receita";"RO1.2.1.9.08.0.0";"1.2.1.9.08.0.0 Contribuição Industrial Rural";8485095,29;8569324;"RO1.2.1.9.08.0.0"
"121";2018;"Governo Federal";1;"BR";"DCA-Anexo I-C";"Padrão";"Receitas Brutas Realizadas";"RO1.2.1.9.09.0.0";"1.2.1.9.09.0.0 Adicional à Contribuição Previdenciária Rural";1209239705,14;8569324;"RO1.2.1.9.09.0.0"
"122";2018;"Governo Federal";1;"BR";"DCA-Anexo I-C";"Padrão";"Outras Deduções da Receita";"RO1.2.1.9.09.0.0";"1.2.1.9.09.0.0 Adicional à Contribuição Previdenciária Rural";-15622560,81;8569324;"RO1.2.1.9.09.0.0"
"123";2018;"Governo Federal";1;"BR";"DCA-Anexo I-C";"Padrão";"Receitas Brutas Realizadas";"RO1.2.1.9.10.0.0";"1.2.1.9.10.0.0 Contribuição sobre Movimentação ou Transmissão de Valores e de Créditos e Direitos de Natureza Financeira";7622562,29;8569324;"RO1.2.1.9.10.0.0"
"124";2018;"Governo Federal";1;"BR";"DCA-Anexo I-C";"Padrão";"Outras Deduções da Receita";"RO1.2.1.9.10.0.0";"1.2.1.9.10.0.0 Contribuição sobre Movimentação ou Transmissão de Valores e de Créditos e Direitos de Natureza Financeira";-11362069,74;8569324;"RO1.2.1.9.10.0.0"
"125";2018;"Governo Federal";1;"BR";"DCA-Anexo I-C";"Padrão";"Receitas Brutas Realizadas";"RO1.2.1.9.11.0.0";"1.2.1.9.11.0.0 Contribuição para Custeio das Pensões Militares das Forças Armadas";3635288786,47;8569324;"RO1.2.1.9.11.0.0"
"126";2018;"Governo Federal";1;"BR";"DCA-Anexo I-C";"Padrão";"Outras Deduções da Receita";"RO1.2.1.9.11.0.0";"1.2.1.9.11.0.0 Contribuição para Custeio das Pensões Militares das Forças Armadas";-1171,89;8569324;"RO1.2.1.9.11.0.0"
"127";2018;"Governo Federal";1;"BR";"DCA-Anexo I-C";"Padrão";"Receitas Brutas Realizadas";"RO1.2.1.9.99.0.0";"1.2.1.9.99.0.0 Demais Contribuições Sociais";288576653,88;8569324;"RO1.2.1.9.99.0.0"
"128";2018;"Governo Federal";1;"BR";"DCA-Anexo I-C";"Padrão";"Outras Deduções da Receita";"RO1.2.1.9.99.0.0";"1.2.1.9.99.0.0 Demais Contribuições Sociais";51724808,16;8569324;"RO1.2.1.9.99.0.0"
"129";2018;"Governo Federal";1;"BR";"DCA-Anexo I-C";"Padrão";"Receitas Brutas Realizadas";"RO1.2.2.0.00.0.0";"1.2.2.0.00.0.0 - Contribuições Econômicas";17523762631,75;8569324;"1.2.2.0.00.0.0"
"130";2018;"Governo Federal";1;"BR";"DCA-Anexo I-C";"Padrão";"Outras Deduções da Receita";"RO1.2.2.0.00.0.0";"1.2.2.0.00.0.0 - Contribuições Econômicas";188551464,38;8569324;"1.2.2.0.00.0.0"
"131";2018;"Governo Federal";1;"BR";"DCA-Anexo I-C";"Padrão";"Receitas Brutas Realizadas";"RO1.3.0.0.00.0.0";"1.3.0.0.00.0.0 - Receita Patrimonial";112818184807,21;8569324;"1.3.0.0.00.0.0"
"132";2018;"Governo Federal";1;"BR";"DCA-Anexo I-C";"Padrão";"Outras Deduções da Receita";"RO1.3.0.0.00.0.0";"1.3.0.0.00.0.0 - Receita Patrimonial";-972438827,63;8569324;"1.3.0.0.00.0.0"
"133";2018;"Governo Federal";1;"BR";"DCA-Anexo I-C";"Padrão";"Receitas Brutas Realizadas";"RO1.3.1.0.00.0.0";"1.3.1.0.00.0.0 - Exploração do Patrimônio Imobiliário do Estado";2099125962,18;8569324;"1.3.1.0.00.0.0"
"134";2018;"Governo Federal";1;"BR";"DCA-Anexo I-C";"Padrão";"Outras Deduções da Receita";"RO1.3.1.0.00.0.0";"1.3.1.0.00.0.0 - Exploração do Patrimônio Imobiliário do Estado";-10883386,56;8569324;"1.3.1.0.00.0.0"
"135";2018;"Governo Federal";1;"BR";"DCA-Anexo I-C";"Padrão";"Receitas Brutas Realizadas";"RO1.3.1.0.01.0.0";"1.3.1.0.01.0.0 - Aluguéis, Arrendamentos, Foros, Laudêmios, Tarifas de Ocupação";1345640774,57;8569324;"1.3.1.0.01.0.0"
"136";2018;"Governo Federal";1;"BR";"DCA-Anexo I-C";"Padrão";"Outras Deduções da Receita";"RO1.3.1.0.01.0.0";"1.3.1.0.01.0.0 - Aluguéis, Arrendamentos, Foros, Laudêmios, Tarifas de Ocupação";-9965206,06;8569324;"1.3.1.0.01.0.0"
"137";2018;"Governo Federal";1;"BR";"DCA-Anexo I-C";"Padrão";"Receitas Brutas Realizadas";"RO1.3.1.0.01.1.0";"1.3.1.0.01.1.0 - Aluguéis e Arrendamentos";791557784,14;8569324;"1.3.1.0.01.1.0"
"138";2018;"Governo Federal";1;"BR";"DCA-Anexo I-C";"Padrão";"Outras Deduções da Receita";"RO1.3.1.0.01.1.0";"1.3.1.0.01.1.0 - Aluguéis e Arrendamentos";-9378185,47;8569324;"1.3.1.0.01.1.0"
"139";2018;"Governo Federal";1;"BR";"DCA-Anexo I-C";"Padrão";"Receitas Brutas Realizadas";"RO1.3.1.0.01.2.0";"1.3.1.0.01.2.0 - Foros, Laudêmios e Tarifas de Ocupação";554082990,43;8569324;"1.3.1.0.01.2.0"
"140";2018;"Governo Federal";1;"BR";"DCA-Anexo I-C";"Padrão";"Outras Deduções da Receita";"RO1.3.1.0.01.2.0";"1.3.1.0.01.2.0 - Foros, Laudêmios e Tarifas de Ocupação";-587020,59;8569324;"1.3.1.0.01.2.0"
"141";2018;"Governo Federal";1;"BR";"DCA-Anexo I-C";"Padrão";"Receitas Brutas Realizadas";"RO1.3.1.0.02.0.0";"1.3.1.0.02.0.0 - Concessão, Permissão, Autorização ou Cessão do Direito de Uso de Bens Imóveis Públicos";738224737,38;8569324;"1.3.1.0.02.0.0"
"142";2018;"Governo Federal";1;"BR";"DCA-Anexo I-C";"Padrão";"Outras Deduções da Receita";"RO1.3.1.0.02.0.0";"1.3.1.0.02.0.0 - Concessão, Permissão, Autorização ou Cessão do Direito de Uso de Bens Imóveis Públicos";-918180,5;8569324;"1.3.1.0.02.0.0"
"143";2018;"Governo Federal";1;"BR";"DCA-Anexo I-C";"Padrão";"Receitas Brutas Realizadas";"RO1.3.1.0.99.0.0";"1.3.1.0.99.0.0 - Outras Receitas Imobiliárias";15260450,23;8569324;"1.3.1.0.99.0.0"
"144";2018;"Governo Federal";1;"BR";"DCA-Anexo I-C";"Padrão";"Receitas Brutas Realizadas";"RO1.3.2.0.00.0.0";"1.3.2.0.00.0.0 - Valores Mobiliários";27862965878,49;8569324;"1.3.2.0.00.0.0"
"145";2018;"Governo Federal";1;"BR";"DCA-Anexo I-C";"Padrão";"Outras Deduções da Receita";"RO1.3.2.0.00.0.0";"1.3.2.0.00.0.0 - Valores Mobiliários";-837329817,89;8569324;"1.3.2.0.00.0.0"
"146";2018;"Governo Federal";1;"BR";"DCA-Anexo I-C";"Padrão";"Receitas Brutas Realizadas";"RO1.3.2.1.00.0.0";"1.3.2.1.00.0.0 - Juros e Correções Monetárias";26665025929,36;8569324;"1.3.2.1.00.0.0"
"147";2018;"Governo Federal";1;"BR";"DCA-Anexo I-C";"Padrão";"Outras Deduções da Receita";"RO1.3.2.1.00.0.0";"1.3.2.1.00.0.0 - Juros e Correções Monetárias";-459623188,7;8569324;"1.3.2.1.00.0.0"
"148";2018;"Governo Federal";1;"BR";"DCA-Anexo I-C";"Padrão";"Receitas Brutas Realizadas";"RO1.3.2.1.00.1.0";"1.3.2.1.00.1.0 - Remuneração de Depósitos Bancários";16638693325,14;8569324;"1.3.2.1.00.1.0"
"149";2018;"Governo Federal";1;"BR";"DCA-Anexo I-C";"Padrão";"Outras Deduções da Receita";"RO1.3.2.1.00.1.0";"1.3.2.1.00.1.0 - Remuneração de Depósitos Bancários";-418147092,43;8569324;"1.3.2.1.00.1.0"
"150";2018;"Governo Federal";1;"BR";"DCA-Anexo I-C";"Padrão";"Receitas Brutas Realizadas";"RO1.3.2.1.00.2.0";"1.3.2.1.00.2.0 - Remuneração de Depósitos Especiais";970495562,46;8569324;"1.3.2.1.00.2.0"
"151";2018;"Governo Federal";1;"BR";"DCA-Anexo I-C";"Padrão";"Receitas Brutas Realizadas";"RO1.3.2.1.00.3.0";"1.3.2.1.00.3.0 - Remuneração de Saldos de Recursos Não-Desembolsados";271370635,76;8569324;"1.3.2.1.00.3.0"
"152";2018;"Governo Federal";1;"BR";"DCA-Anexo I-C";"Padrão";"Outras Deduções da Receita";"RO1.3.2.1.00.3.0";"1.3.2.1.00.3.0 - Remuneração de Saldos de Recursos Não-Desembolsados";-34718218,04;8569324;"1.3.2.1.00.3.0"
"153";2018;"Governo Federal";1;"BR";"DCA-Anexo I-C";"Padrão";"Receitas Brutas Realizadas";"RO1.3.2.1.00.5.0";"1.3.2.1.00.5.0 - Juros de Títulos de Renda";1909588102,23;8569324;"1.3.2.1.00.5.0"
"154";2018;"Governo Federal";1;"BR";"DCA-Anexo I-C";"Padrão";"Receitas Brutas Realizadas";"RO1.3.2.1.00.6.0";"1.3.2.1.00.6.0 - Juros sobre o Capital Próprio";6874878303,77;8569324;"1.3.2.1.00.6.0"
"155";2018;"Governo Federal";1;"BR";"DCA-Anexo I-C";"Padrão";"Outras Deduções da Receita";"RO1.3.2.1.00.6.0";"1.3.2.1.00.6.0 - Juros sobre o Capital Próprio";-6757878,23;8569324;"1.3.2.1.00.6.0"
"156";2018;"Governo Federal";1;"BR";"DCA-Anexo I-C";"Padrão";"Receitas Brutas Realizadas";"RO1.3.2.2.00.0.0";"1.3.2.2.00.0.0 - Dividendos";1012005322,44;8569324;"1.3.2.2.00.0.0"
"157";2018;"Governo Federal";1;"BR";"DCA-Anexo I-C";"Padrão";"Outras Deduções da Receita";"RO1.3.2.2.00.0.0";"1.3.2.2.00.0.0 - Dividendos";-377706629,19;8569324;"1.3.2.2.00.0.0"
"158";2018;"Governo Federal";1;"BR";"DCA-Anexo I-C";"Padrão";"Receitas Brutas Realizadas";"RO1.3.2.3.00.0.0";"1.3.2.3.00.0.0 - Participações";185934626,69;8569324;"1.3.2.3.00.0.0"
"159";2018;"Governo Federal";1;"BR";"DCA-Anexo I-C";"Padrão";"Receitas Brutas Realizadas";"RO1.3.3.0.00.0.0";"1.3.3.0.00.0.0 - Delegação de Serviços Públicos Mediante Concessão, Permissão, Autorização ou Licença";2798952041,44;8569324;"1.3.3.0.00.0.0"
"160";2018;"Governo Federal";1;"BR";"DCA-Anexo I-C";"Padrão";"Outras Deduções da Receita";"RO1.3.3.0.00.0.0";"1.3.3.0.00.0.0 - Delegação de Serviços Públicos Mediante Concessão, Permissão, Autorização ou Licença";-8468193,58;8569324;"1.3.3.0.00.0.0"
"161";2018;"Governo Federal";1;"BR";"DCA-Anexo I-C";"Padrão";"Receitas Brutas Realizadas";"RO1.3.4.0.00.0.0";"1.3.4.0.00.0.0 - Exploração de Recursos Naturais";77244115525,35;8569324;"1.3.4.0.00.0.0"
"162";2018;"Governo Federal";1;"BR";"DCA-Anexo I-C";"Padrão";"Outras Deduções da Receita";"RO1.3.4.0.00.0.0";"1.3.4.0.00.0.0 - Exploração de Recursos Naturais";-30862220,14;8569324;"1.3.4.0.00.0.0"
"163";2018;"Governo Federal";1;"BR";"DCA-Anexo I-C";"Padrão";"Receitas Brutas Realizadas";"RO1.3.5.0.00.0.0";"1.3.5.0.00.0.0 - Exploração do Patrimônio Intangível";20693,46;8569324;"1.3.5.0.00.0.0"
"164";2018;"Governo Federal";1;"BR";"DCA-Anexo I-C";"Padrão";"Receitas Brutas Realizadas";"RO1.3.6.0.00.0.0";"1.3.6.0.00.0.0 - Cessão de Direitos";2763023833,96;8569324;"1.3.6.0.00.0.0"
"165";2018;"Governo Federal";1;"BR";"DCA-Anexo I-C";"Padrão";"Outras Deduções da Receita";"RO1.3.6.0.00.0.0";"1.3.6.0.00.0.0 - Cessão de Direitos";-62222625,64;8569324;"1.3.6.0.00.0.0"
"166";2018;"Governo Federal";1;"BR";"DCA-Anexo I-C";"Padrão";"Receitas Brutas Realizadas";"RO1.3.9.0.00.0.0";"1.3.9.0.00.0.0 - Demais Receitas Patrimoniais";49980872,33;8569324;"1.3.9.0.00.0.0"
"167";2018;"Governo Federal";1;"BR";"DCA-Anexo I-C";"Padrão";"Outras Deduções da Receita";"RO1.3.9.0.00.0.0";"1.3.9.0.00.0.0 - Demais Receitas Patrimoniais";-22672583,82;8569324;"1.3.9.0.00.0.0"
"168";2018;"Governo Federal";1;"BR";"DCA-Anexo I-C";"Padrão";"Receitas Brutas Realizadas";"RO1.4.0.0.00.0.0";"1.4.0.0.00.0.0 - Receita Agropecuária";21258754,36;8569324;"1.4.0.0.00.0.0"
"169";2018;"Governo Federal";1;"BR";"DCA-Anexo I-C";"Padrão";"Outras Deduções da Receita";"RO1.4.0.0.00.0.0";"1.4.0.0.00.0.0 - Receita Agropecuária";-540210,29;8569324;"1.4.0.0.00.0.0"
"170";2018;"Governo Federal";1;"BR";"DCA-Anexo I-C";"Padrão";"Receitas Brutas Realizadas";"RO1.5.0.0.00.0.0";"1.5.0.0.00.0.0 - Receita Industrial";2093950315,58;8569324;"1.5.0.0.00.0.0"
"171";2018;"Governo Federal";1;"BR";"DCA-Anexo I-C";"Padrão";"Outras Deduções da Receita";"RO1.5.0.0.00.0.0";"1.5.0.0.00.0.0 - Receita Industrial";-37843787,15;8569324;"1.5.0.0.00.0.0"
"172";2018;"Governo Federal";1;"BR";"DCA-Anexo I-C";"Padrão";"Receitas Brutas Realizadas";"RO1.6.0.0.00.0.0";"1.6.0.0.00.0.0 - Receita de Serviços";42755923000,88;8569324;"1.6.0.0.00.0.0"
"173";2018;"Governo Federal";1;"BR";"DCA-Anexo I-C";"Padrão";"Outras Deduções da Receita";"RO1.6.0.0.00.0.0";"1.6.0.0.00.0.0 - Receita de Serviços";-274227700,36;8569324;"1.6.0.0.00.0.0"
"174";2018;"Governo Federal";1;"BR";"DCA-Anexo I-C";"Padrão";"Receitas Brutas Realizadas";"RO1.6.1.0.00.0.0";"1.6.1.0.00.0.0 - Serviços Administrativos e Comerciais Gerais";3395748085,55;8569324;"1.6.1.0.00.0.0"
"175";2018;"Governo Federal";1;"BR";"DCA-Anexo I-C";"Padrão";"Outras Deduções da Receita";"RO1.6.1.0.00.0.0";"1.6.1.0.00.0.0 - Serviços Administrativos e Comerciais Gerais";86431865,02;8569324;"1.6.1.0.00.0.0"
"176";2018;"Governo Federal";1;"BR";"DCA-Anexo I-C";"Padrão";"Receitas Brutas Realizadas";"RO1.6.1.0.01.0.0";"1.6.1.0.01.0.0 - Serviços Administrativos e Comerciais Gerais";1848010541,39;8569324;"1.6.1.0.01.0.0"
"177";2018;"Governo Federal";1;"BR";"DCA-Anexo I-C";"Padrão";"Outras Deduções da Receita";"RO1.6.1.0.01.0.0";"1.6.1.0.01.0.0 - Serviços Administrativos e Comerciais Gerais";113479897,46;8569324;"1.6.1.0.01.0.0"
"178";2018;"Governo Federal";1;"BR";"DCA-Anexo I-C";"Padrão";"Receitas Brutas Realizadas";"RO1.6.1.0.02.0.0";"1.6.1.0.02.0.0 - Inscrição em Concursos e Processos Seletivos";417171490,28;8569324;"1.6.1.0.02.0.0"
"179";2018;"Governo Federal";1;"BR";"DCA-Anexo I-C";"Padrão";"Outras Deduções da Receita";"RO1.6.1.0.02.0.0";"1.6.1.0.02.0.0 - Inscrição em Concursos e Processos Seletivos";-834870,7;8569324;"1.6.1.0.02.0.0"
"180";2018;"Governo Federal";1;"BR";"DCA-Anexo I-C";"Padrão";"Receitas Brutas Realizadas";"RO1.6.1.0.03.0.0";"1.6.1.0.03.0.0 - Serviços de Registro, Certificação e Fiscalização";635244068,65;8569324;"1.6.1.0.03.0.0"
"181";2018;"Governo Federal";1;"BR";"DCA-Anexo I-C";"Padrão";"Outras Deduções da Receita";"RO1.6.1.0.03.0.0";"1.6.1.0.03.0.0 - Serviços de Registro, Certificação e Fiscalização";-11132967,36;8569324;"1.6.1.0.03.0.0"
"182";2018;"Governo Federal";1;"BR";"DCA-Anexo I-C";"Padrão";"Receitas Brutas Realizadas";"RO1.6.1.0.04.0.0";"1.6.1.0.04.0.0 - Serviços de Informação e Tecnologia";495321985,23;8569324;"1.6.1.0.04.0.0"
"183";2018;"Governo Federal";1;"BR";"DCA-Anexo I-C";"Padrão";"Outras Deduções da Receita";"RO1.6.1.0.04.0.0";"1.6.1.0.04.0.0 - Serviços de Informação e Tecnologia";-15080194,38;8569324;"1.6.1.0.04.0.0"
"184";2018;"Governo Federal";1;"BR";"DCA-Anexo I-C";"Padrão";"Receitas Brutas Realizadas";"RO1.6.2.0.00.0.0";"1.6.2.0.00.0.0 - Serviços e Atividades Referentes à Navegação e ao Transporte";3708749075,51;8569324;"1.6.2.0.00.0.0"
"185";2018;"Governo Federal";1;"BR";"DCA-Anexo I-C";"Padrão";"Outras Deduções da Receita";"RO1.6.2.0.00.0.0";"1.6.2.0.00.0.0 - Serviços e Atividades Referentes à Navegação e ao Transporte";-1570314,69;8569324;"1.6.2.0.00.0.0"
"186";2018;"Governo Federal";1;"BR";"DCA-Anexo I-C";"Padrão";"Receitas Brutas Realizadas";"RO1.6.2.0.01.0.0";"1.6.2.0.01.0.0 - Serviços de Navegação";2660463562,44;8569324;"1.6.2.0.01.0.0"
"187";2018;"Governo Federal";1;"BR";"DCA-Anexo I-C";"Padrão";"Outras Deduções da Receita";"RO1.6.2.0.01.0.0";"1.6.2.0.01.0.0 - Serviços de Navegação";-1567584,55;8569324;"1.6.2.0.01.0.0"
"188";2018;"Governo Federal";1;"BR";"DCA-Anexo I-C";"Padrão";"Receitas Brutas Realizadas";"RO1.6.2.0.02.0.0";"1.6.2.0.02.0.0 - Serviços de Transporte";330054699,11;8569324;"1.6.2.0.02.0.0"
"189";2018;"Governo Federal";1;"BR";"DCA-Anexo I-C";"Padrão";"Outras Deduções da Receita";"RO1.6.2.0.02.0.0";"1.6.2.0.02.0.0 - Serviços de Transporte";-958;8569324;"1.6.2.0.02.0.0"
"190";2018;"Governo Federal";1;"BR";"DCA-Anexo I-C";"Padrão";"Receitas Brutas Realizadas";"RO1.6.2.0.03.0.0";"1.6.2.0.03.0.0 - Serviços Portuários";459708,61;8569324;"1.6.2.0.03.0.0"
"191";2018;"Governo Federal";1;"BR";"DCA-Anexo I-C";"Padrão";"Receitas Brutas Realizadas";"RO1.6.2.0.04.0.0";"1.6.2.0.04.0.0 - Serviços Aeroportuários";717771105,35;8569324;"1.6.2.0.04.0.0"
"192";2018;"Governo Federal";1;"BR";"DCA-Anexo I-C";"Padrão";"Outras Deduções da Receita";"RO1.6.2.0.04.0.0";"1.6.2.0.04.0.0 - Serviços Aeroportuários";-1772,14;8569324;"1.6.2.0.04.0.0"
"193";2018;"Governo Federal";1;"BR";"DCA-Anexo I-C";"Padrão";"Receitas Brutas Realizadas";"RO1.6.3.0.00.0.0";"1.6.3.0.00.0.0 - Serviços e Atividades Referentes à Saúde";1964483774,3;8569324;"1.6.3.0.00.0.0"
"194";2018;"Governo Federal";1;"BR";"DCA-Anexo I-C";"Padrão";"Outras Deduções da Receita";"RO1.6.3.0.00.0.0";"1.6.3.0.00.0.0 - Serviços e Atividades Referentes à Saúde";-5703413,36;8569324;"1.6.3.0.00.0.0"
"195";2018;"Governo Federal";1;"BR";"DCA-Anexo I-C";"Padrão";"Receitas Brutas Realizadas";"RO1.6.3.0.01.0.0";"1.6.3.0.01.0.0 - Serviços de Atendimento à Saúde";284391024,42;8569324;"1.6.3.0.01.0.0"
"196";2018;"Governo Federal";1;"BR";"DCA-Anexo I-C";"Padrão";"Outras Deduções da Receita";"RO1.6.3.0.01.0.0";"1.6.3.0.01.0.0 - Serviços de Atendimento à Saúde";-5681207,85;8569324;"1.6.3.0.01.0.0"
"197";2018;"Governo Federal";1;"BR";"DCA-Anexo I-C";"Padrão";"Receitas Brutas Realizadas";"RO1.6.3.0.02.0.0";"1.6.3.0.02.0.0 - Serviços de Assistência à Saúde de Servidores Civis e Militares";1680092749,88;8569324;"1.6.3.0.02.0.0"
"198";2018;"Governo Federal";1;"BR";"DCA-Anexo I-C";"Padrão";"Outras Deduções da Receita";"RO1.6.3.0.02.0.0";"1.6.3.0.02.0.0 - Serviços de Assistência à Saúde de Servidores Civis e Militares";-22205,51;8569324;"1.6.3.0.02.0.0"
"199";2018;"Governo Federal";1;"BR";"DCA-Anexo I-C";"Padrão";"Receitas Brutas Realizadas";"RO1.6.4.0.00.0.0";"1.6.4.0.00.0.0 - Serviços e Atividades Financeiras";33657170964,34;8569324;"1.6.4.0.00.0.0"
"200";2018;"Governo Federal";1;"BR";"DCA-Anexo I-C";"Padrão";"Outras Deduções da Receita";"RO1.6.4.0.00.0.0";"1.6.4.0.00.0.0 - Serviços e Atividades Financeiras";-352828327,35;8569324;"1.6.4.0.00.0.0"
"201";2018;"Governo Federal";1;"BR";"DCA-Anexo I-C";"Padrão";"Receitas Brutas Realizadas";"RO1.6.4.0.01.0.0";"1.6.4.0.01.0.0 - Retorno de Operações, Juros e Encargos Financeiros";19422172318,45;8569324;"1.6.4.0.01.0.0"
"202";2018;"Governo Federal";1;"BR";"DCA-Anexo I-C";"Padrão";"Outras Deduções da Receita";"RO1.6.4.0.01.0.0";"1.6.4.0.01.0.0 - Retorno de Operações, Juros e Encargos Financeiros";-352828327,35;8569324;"1.6.4.0.01.0.0"
"203";2018;"Governo Federal";1;"BR";"DCA-Anexo I-C";"Padrão";"Receitas Brutas Realizadas";"RO1.6.4.0.02.0.0";"1.6.4.0.02.0.0 - Concessão de Avais, Garantias e Seguros";319138409,64;8569324;"1.6.4.0.02.0.0"
"204";2018;"Governo Federal";1;"BR";"DCA-Anexo I-C";"Padrão";"Receitas Brutas Realizadas";"RO1.6.4.0.03.0.0";"1.6.4.0.03.0.0 - Remuneração sobre Repasse para Programas de Desenvolvimento Econômico";13915860236,25;8569324;"1.6.4.0.03.0.0"
"205";2018;"Governo Federal";1;"BR";"DCA-Anexo I-C";"Padrão";"Receitas Brutas Realizadas";"RO1.6.9.0.00.0.0";"1.6.9.0.00.0.0 - Outros Serviços";29771101,18;8569324;"1.6.9.0.00.0.0"
"206";2018;"Governo Federal";1;"BR";"DCA-Anexo I-C";"Padrão";"Outras Deduções da Receita";"RO1.6.9.0.00.0.0";"1.6.9.0.00.0.0 - Outros Serviços";-557509,98;8569324;"1.6.9.0.00.0.0"
"207";2018;"Governo Federal";1;"BR";"DCA-Anexo I-C";"Padrão";"Receitas Brutas Realizadas";"RO1.6.9.0.99.0.0";"1.6.9.0.99.0.0 - Outros Serviços";29771101,18;8569324;"1.6.9.0.99.0.0"
"208";2018;"Governo Federal";1;"BR";"DCA-Anexo I-C";"Padrão";"Outras Deduções da Receita";"RO1.6.9.0.99.0.0";"1.6.9.0.99.0.0 - Outros Serviços";-557509,98;8569324;"1.6.9.0.99.0.0"
"209";2018;"Governo Federal";1;"BR";"DCA-Anexo I-C";"Padrão";"Receitas Brutas Realizadas";"RO1.7.0.0.00.0.0";"1.7.0.0.00.0.0 - Transferências Correntes";2699562165,38;8569324;"1.7.0.0.00.0.0"
"210";2018;"Governo Federal";1;"BR";"DCA-Anexo I-C";"Padrão";"Outras Deduções da Receita";"RO1.7.0.0.00.0.0";"1.7.0.0.00.0.0 - Transferências Correntes";-1464479731,4;8569324;"1.7.0.0.00.0.0"
"211";2018;"Governo Federal";1;"BR";"DCA-Anexo I-C";"Padrão";"Receitas Brutas Realizadas";"RO1.7.1.0.00.0.0";"1.7.1.0.00.0.0 - Transferências da União e de suas Entidades";2221239006,99;8569324;"1.7.1.0.00.0.0"
"212";2018;"Governo Federal";1;"BR";"DCA-Anexo I-C";"Padrão";"Outras Deduções da Receita";"RO1.7.1.0.00.0.0";"1.7.1.0.00.0.0 - Transferências da União e de suas Entidades";-1438038652,45;8569324;"1.7.1.0.00.0.0"
"213";2018;"Governo Federal";1;"BR";"DCA-Anexo I-C";"Padrão";"Receitas Brutas Realizadas";"RO1.7.2.0.00.0.0";"1.7.2.0.00.0.0 - Transferências dos Estados e do Distrito Federal e de suas Entidades";49986226,33;8569324;"1.7.2.0.00.0.0"
"214";2018;"Governo Federal";1;"BR";"DCA-Anexo I-C";"Padrão";"Outras Deduções da Receita";"RO1.7.2.0.00.0.0";"1.7.2.0.00.0.0 - Transferências dos Estados e do Distrito Federal e de suas Entidades";-8414242,05;8569324;"1.7.2.0.00.0.0"
"215";2018;"Governo Federal";1;"BR";"DCA-Anexo I-C";"Padrão";"Receitas Brutas Realizadas";"RO1.7.3.0.00.0.0";"1.7.3.0.00.0.0 - Transferências dos Municípios e de suas Entidades";31272423,15;8569324;"1.7.3.0.00.0.0"
"216";2018;"Governo Federal";1;"BR";"DCA-Anexo I-C";"Padrão";"Outras Deduções da Receita";"RO1.7.3.0.00.0.0";"1.7.3.0.00.0.0 - Transferências dos Municípios e de suas Entidades";-5881540,75;8569324;"1.7.3.0.00.0.0"
"217";2018;"Governo Federal";1;"BR";"DCA-Anexo I-C";"Padrão";"Receitas Brutas Realizadas";"RO1.7.4.0.00.0.0";"1.7.4.0.00.0.0 - Transferências de Instituições Privadas";341103294,02;8569324;"1.7.4.0.00.0.0"
"218";2018;"Governo Federal";1;"BR";"DCA-Anexo I-C";"Padrão";"Outras Deduções da Receita";"RO1.7.4.0.00.0.0";"1.7.4.0.00.0.0 - Transferências de Instituições Privadas";-12145296,15;8569324;"1.7.4.0.00.0.0"
"219";2018;"Governo Federal";1;"BR";"DCA-Anexo I-C";"Padrão";"Receitas Brutas Realizadas";"RO1.7.5.0.00.0.0";"1.7.5.0.00.0.0 - Transferências de Outras Instituições Públicas";53500995,1;8569324;"1.7.5.0.00.0.0"
"220";2018;"Governo Federal";1;"BR";"DCA-Anexo I-C";"Padrão";"Receitas Brutas Realizadas";"RO1.7.6.0.00.0.0";"1.7.6.0.00.0.0 - Transferências do Exterior";596456,41;8569324;"1.7.6.0.00.0.0"
"221";2018;"Governo Federal";1;"BR";"DCA-Anexo I-C";"Padrão";"Receitas Brutas Realizadas";"RO1.7.7.0.00.0.0";"1.7.7.0.00.0.0 - Transferências de Pessoas Físicas";1861621,24;8569324;"1.7.7.0.00.0.0"
"222";2018;"Governo Federal";1;"BR";"DCA-Anexo I-C";"Padrão";"Receitas Brutas Realizadas";"RO1.7.8.0.00.0.0";"1.7.8.0.00.0.0 - Transferências Provenientes de Depósitos Não Identificados";2142,14;8569324;"1.7.8.0.00.0.0"
"223";2018;"Governo Federal";1;"BR";"DCA-Anexo I-C";"Padrão";"Receitas Brutas Realizadas";"RO1.9.0.0.00.0.0";"1.9.0.0.00.0.0 - Outras Receitas Correntes";32818140735,64;8569324;"1.9.0.0.00.0.0"
"224";2018;"Governo Federal";1;"BR";"DCA-Anexo I-C";"Padrão";"Outras Deduções da Receita";"RO1.9.0.0.00.0.0";"1.9.0.0.00.0.0 - Outras Receitas Correntes";-6452581359,66;8569324;"1.9.0.0.00.0.0"
"225";2018;"Governo Federal";1;"BR";"DCA-Anexo I-C";"Padrão";"Receitas Brutas Realizadas";"RO1.9.1.0.00.0.0";"1.9.1.0.00.0.0 - Multas Administrativas, Contratuais e Judiciais";6964046826,22;8569324;"1.9.1.0.00.0.0"
"226";2018;"Governo Federal";1;"BR";"DCA-Anexo I-C";"Padrão";"Outras Deduções da Receita";"RO1.9.1.0.00.0.0";"1.9.1.0.00.0.0 - Multas Administrativas, Contratuais e Judiciais";-242712805,95;8569324;"1.9.1.0.00.0.0"
"227";2018;"Governo Federal";1;"BR";"DCA-Anexo I-C";"Padrão";"Receitas Brutas Realizadas";"RO1.9.2.0.00.0.0";"1.9.2.0.00.0.0 - Indenizações, Restituições e Ressarcimentos";9992952283,34;8569324;"1.9.2.0.00.0.0"
"228";2018;"Governo Federal";1;"BR";"DCA-Anexo I-C";"Padrão";"Outras Deduções da Receita";"RO1.9.2.0.00.0.0";"1.9.2.0.00.0.0 - Indenizações, Restituições e Ressarcimentos";-374555598,98;8569324;"1.9.2.0.00.0.0"
"229";2018;"Governo Federal";1;"BR";"DCA-Anexo I-C";"Padrão";"Receitas Brutas Realizadas";"RO1.9.2.1.00.0.0";"1.9.2.1.00.0.0 - Indenizações";237950346,9;8569324;"1.9.2.1.00.0.0"
"230";2018;"Governo Federal";1;"BR";"DCA-Anexo I-C";"Padrão";"Outras Deduções da Receita";"RO1.9.2.1.00.0.0";"1.9.2.1.00.0.0 - Indenizações";-121444660,04;8569324;"1.9.2.1.00.0.0"
"231";2018;"Governo Federal";1;"BR";"DCA-Anexo I-C";"Padrão";"Receitas Brutas Realizadas";"RO1.9.2.2.00.0.0";"1.9.2.2.00.0.0 - Restituições";8828577804,96;8569324;"1.9.2.2.00.0.0"
"232";2018;"Governo Federal";1;"BR";"DCA-Anexo I-C";"Padrão";"Outras Deduções da Receita";"RO1.9.2.2.00.0.0";"1.9.2.2.00.0.0 - Restituições";-229937524,54;8569324;"1.9.2.2.00.0.0"
"233";2018;"Governo Federal";1;"BR";"DCA-Anexo I-C";"Padrão";"Receitas Brutas Realizadas";"RO1.9.2.2.01.0.0";"1.9.2.2.01.0.0 - Restituição de Convênios";1937521856,73;8569324;"1.9.2.2.01.0.0"
"234";2018;"Governo Federal";1;"BR";"DCA-Anexo I-C";"Padrão";"Outras Deduções da Receita";"RO1.9.2.2.01.0.0";"1.9.2.2.01.0.0 - Restituição de Convênios";-126629273,09;8569324;"1.9.2.2.01.0.0"
"235";2018;"Governo Federal";1;"BR";"DCA-Anexo I-C";"Padrão";"Receitas Brutas Realizadas";"RO1.9.2.2.01.1.0";"1.9.2.2.01.1.0 - Restituição de Convênios - Primárias";1559409298,49;8569324;"1.9.2.2.01.1.0"
"236";2018;"Governo Federal";1;"BR";"DCA-Anexo I-C";"Padrão";"Outras Deduções da Receita";"RO1.9.2.2.01.1.0";"1.9.2.2.01.1.0 - Restituição de Convênios - Primárias";-126629273,09;8569324;"1.9.2.2.01.1.0"
"237";2018;"Governo Federal";1;"BR";"DCA-Anexo I-C";"Padrão";"Receitas Brutas Realizadas";"RO1.9.2.2.01.2.0";"1.9.2.2.01.2.0 - Restituição de Convênios - Financeiras";378112558,24;8569324;"1.9.2.2.01.2.0"
"238";2018;"Governo Federal";1;"BR";"DCA-Anexo I-C";"Padrão";"Receitas Brutas Realizadas";"RO1.9.2.2.02.0.0";"1.9.2.2.02.0.0 - Restituição de Benefícios Não Desembolsados";351401305,87;8569324;"1.9.2.2.02.0.0"
"239";2018;"Governo Federal";1;"BR";"DCA-Anexo I-C";"Padrão";"Receitas Brutas Realizadas";"RO1.9.2.2.03.0.0";"1.9.2.2.03.0.0 - Restituição de Benefícios Previdenciários";1022224582,38;8569324;"1.9.2.2.03.0.0"
"240";2018;"Governo Federal";1;"BR";"DCA-Anexo I-C";"Padrão";"Outras Deduções da Receita";"RO1.9.2.2.03.0.0";"1.9.2.2.03.0.0 - Restituição de Benefícios Previdenciários";-5432878,51;8569324;"1.9.2.2.03.0.0"
"241";2018;"Governo Federal";1;"BR";"DCA-Anexo I-C";"Padrão";"Receitas Brutas Realizadas";"RO1.9.2.2.04.0.0";"1.9.2.2.04.0.0 - Restituição de Benefícios Assistenciais";29192,92;8569324;"1.9.2.2.04.0.0"
"242";2018;"Governo Federal";1;"BR";"DCA-Anexo I-C";"Padrão";"Receitas Brutas Realizadas";"RO1.9.2.2.06.0.0";"1.9.2.2.06.0.0 - Restituição de Despesas de Exercícios Anteriores";2834911083,17;8569324;"1.9.2.2.06.0.0"
"243";2018;"Governo Federal";1;"BR";"DCA-Anexo I-C";"Padrão";"Outras Deduções da Receita";"RO1.9.2.2.06.0.0";"1.9.2.2.06.0.0 - Restituição de Despesas de Exercícios Anteriores";-45956569,16;8569324;"1.9.2.2.06.0.0"
"244";2018;"Governo Federal";1;"BR";"DCA-Anexo I-C";"Padrão";"Receitas Brutas Realizadas";"RO1.9.2.2.07.0.0";"1.9.2.2.07.0.0 - Restituição de Parcelas do Seguro Desemprego Recebidas Indevidamente";55120465,04;8569324;"1.9.2.2.07.0.0"
"245";2018;"Governo Federal";1;"BR";"DCA-Anexo I-C";"Padrão";"Outras Deduções da Receita";"RO1.9.2.2.07.0.0";"1.9.2.2.07.0.0 - Restituição de Parcelas do Seguro Desemprego Recebidas Indevidamente";-142757,55;8569324;"1.9.2.2.07.0.0"
"246";2018;"Governo Federal";1;"BR";"DCA-Anexo I-C";"Padrão";"Receitas Brutas Realizadas";"RO1.9.2.2.08.0.0";"1.9.2.2.08.0.0 - Restituição de Garantias Prestadas";28186023,06;8569324;"1.9.2.2.08.0.0"
"247";2018;"Governo Federal";1;"BR";"DCA-Anexo I-C";"Padrão";"Outras Deduções da Receita";"RO1.9.2.2.08.0.0";"1.9.2.2.08.0.0 - Restituição de Garantias Prestadas";-28166706,56;8569324;"1.9.2.2.08.0.0"
"248";2018;"Governo Federal";1;"BR";"DCA-Anexo I-C";"Padrão";"Receitas Brutas Realizadas";"RO1.9.2.2.09.0.0";"1.9.2.2.09.0.0 - Restituição de Recursos de Fomento";6826108,33;8569324;"1.9.2.2.09.0.0"
"249";2018;"Governo Federal";1;"BR";"DCA-Anexo I-C";"Padrão";"Outras Deduções da Receita";"RO1.9.2.2.09.0.0";"1.9.2.2.09.0.0 - Restituição de Recursos de Fomento";-21,06;8569324;"1.9.2.2.09.0.0"
"250";2018;"Governo Federal";1;"BR";"DCA-Anexo I-C";"Padrão";"Receitas Brutas Realizadas";"RO1.9.2.2.10.0.0";"1.9.2.2.10.0.0 - Restituição Decorrente da Não Aplicação de Incentivos Fiscais";24456657,46;8569324;"1.9.2.2.10.0.0"
"251";2018;"Governo Federal";1;"BR";"DCA-Anexo I-C";"Padrão";"Outras Deduções da Receita";"RO1.9.2.2.10.0.0";"1.9.2.2.10.0.0 - Restituição Decorrente da Não Aplicação de Incentivos Fiscais";-1866417,48;8569324;"1.9.2.2.10.0.0"
"252";2018;"Governo Federal";1;"BR";"DCA-Anexo I-C";"Padrão";"Receitas Brutas Realizadas";"RO1.9.2.2.11.0.0";"1.9.2.2.11.0.0 - Restituição Decorrente da Aplicação Irregular de Recursos Eleitorais";2485359,82;8569324;"1.9.2.2.11.0.0"
"253";2018;"Governo Federal";1;"BR";"DCA-Anexo I-C";"Padrão";"Outras Deduções da Receita";"RO1.9.2.2.11.0.0";"1.9.2.2.11.0.0 - Restituição Decorrente da Aplicação Irregular de Recursos Eleitorais";-122126,28;8569324;"1.9.2.2.11.0.0"
"254";2018;"Governo Federal";1;"BR";"DCA-Anexo I-C";"Padrão";"Receitas Brutas Realizadas";"RO1.9.2.2.12.0.0";"1.9.2.2.12.0.0 - Restituição de Depósitos e de Sentenças Judiciais Não Sacados";2089146026,65;8569324;"1.9.2.2.12.0.0"
"255";2018;"Governo Federal";1;"BR";"DCA-Anexo I-C";"Padrão";"Outras Deduções da Receita";"RO1.9.2.2.12.0.0";"1.9.2.2.12.0.0 - Restituição de Depósitos e de Sentenças Judiciais Não Sacados";-1670891,71;8569324;"1.9.2.2.12.0.0"
"256";2018;"Governo Federal";1;"BR";"DCA-Anexo I-C";"Padrão";"Receitas Brutas Realizadas";"RO1.9.2.2.99.0.0";"1.9.2.2.99.0.0 - Outras Restituições";476269143,53;8569324;"1.9.2.2.99.0.0"
"257";2018;"Governo Federal";1;"BR";"DCA-Anexo I-C";"Padrão";"Outras Deduções da Receita";"RO1.9.2.2.99.0.0";"1.9.2.2.99.0.0 - Outras Restituições";-19949883,14;8569324;"1.9.2.2.99.0.0"
"258";2018;"Governo Federal";1;"BR";"DCA-Anexo I-C";"Padrão";"Receitas Brutas Realizadas";"RO1.9.2.3.00.0.0";"1.9.2.3.00.0.0 - Ressarcimentos";926424131,48;8569324;"1.9.2.3.00.0.0"
"259";2018;"Governo Federal";1;"BR";"DCA-Anexo I-C";"Padrão";"Outras Deduções da Receita";"RO1.9.2.3.00.0.0";"1.9.2.3.00.0.0 - Ressarcimentos";-23173414,4;8569324;"1.9.2.3.00.0.0"
"260";2018;"Governo Federal";1;"BR";"DCA-Anexo I-C";"Padrão";"Receitas Brutas Realizadas";"RO1.9.2.3.01.0.0";"1.9.2.3.01.0.0 - Ressarcimento por Operadoras de Seguros Privados de Assistência a Saúde";783465413,04;8569324;"1.9.2.3.01.0.0"
"261";2018;"Governo Federal";1;"BR";"DCA-Anexo I-C";"Padrão";"Receitas Brutas Realizadas";"RO1.9.2.3.02.0.0";"1.9.2.3.02.0.0 - Ressarcimento de Custos";85113539,01;8569324;"1.9.2.3.02.0.0"
"262";2018;"Governo Federal";1;"BR";"DCA-Anexo I-C";"Padrão";"Outras Deduções da Receita";"RO1.9.2.3.02.0.0";"1.9.2.3.02.0.0 - Ressarcimento de Custos";-17488209,49;8569324;"1.9.2.3.02.0.0"
"263";2018;"Governo Federal";1;"BR";"DCA-Anexo I-C";"Padrão";"Receitas Brutas Realizadas";"RO1.9.2.3.03.0.0";"1.9.2.3.03.0.0 - Reversão de Garantias";1893669,8;8569324;"1.9.2.3.03.0.0"
"264";2018;"Governo Federal";1;"BR";"DCA-Anexo I-C";"Padrão";"Outras Deduções da Receita";"RO1.9.2.3.03.0.0";"1.9.2.3.03.0.0 - Reversão de Garantias";-170653,73;8569324;"1.9.2.3.03.0.0"
"265";2018;"Governo Federal";1;"BR";"DCA-Anexo I-C";"Padrão";"Receitas Brutas Realizadas";"RO1.9.2.3.04.0.0";"1.9.2.3.04.0.0 - Ressarcimento ao Regime Geral de Previdência Social - RGPS";20463391,35;8569324;"1.9.2.3.04.0.0"
"266";2018;"Governo Federal";1;"BR";"DCA-Anexo I-C";"Padrão";"Receitas Brutas Realizadas";"RO1.9.2.3.99.0.0";"1.9.2.3.99.0.0 - Outros Ressarcimentos";35488118,28;8569324;"1.9.2.3.99.0.0"
"267";2018;"Governo Federal";1;"BR";"DCA-Anexo I-C";"Padrão";"Outras Deduções da Receita";"RO1.9.2.3.99.0.0";"1.9.2.3.99.0.0 - Outros Ressarcimentos";-5514551,18;8569324;"1.9.2.3.99.0.0"
"268";2018;"Governo Federal";1;"BR";"DCA-Anexo I-C";"Padrão";"Receitas Brutas Realizadas";"RO1.9.3.0.00.0.0";"1.9.3.0.00.0.0 - Bens, Direitos e Valores Incorporados ao Patrimônio Público";2187262205,67;8569324;"1.9.3.0.00.0.0"
"269";2018;"Governo Federal";1;"BR";"DCA-Anexo I-C";"Padrão";"Outras Deduções da Receita";"RO1.9.3.0.00.0.0";"1.9.3.0.00.0.0 - Bens, Direitos e Valores Incorporados ao Patrimônio Público";-6253532,38;8569324;"1.9.3.0.00.0.0"
"270";2018;"Governo Federal";1;"BR";"DCA-Anexo I-C";"Padrão";"Receitas Brutas Realizadas";"RO1.9.9.0.00.0.0";"1.9.9.0.00.0.0 - Demais Receitas Correntes";13673879420,41;8569324;"1.9.9.0.00.0.0"
"271";2018;"Governo Federal";1;"BR";"DCA-Anexo I-C";"Padrão";"Outras Deduções da Receita";"RO1.9.9.0.00.0.0";"1.9.9.0.00.0.0 - Demais Receitas Correntes";-5829059422,35;8569324;"1.9.9.0.00.0.0"
"272";2018;"Governo Federal";1;"BR";"DCA-Anexo I-C";"Padrão";"Receitas Brutas Realizadas";"RO1.9.9.0.03.0.0";"1.9.9.0.03.0.0 - Compensações Financeiras entre o Regime Geral e os Regimes Próprios de Previdência dos Servidores";51753734,67;8569324;"1.9.9.0.03.0.0"
"273";2018;"Governo Federal";1;"BR";"DCA-Anexo I-C";"Padrão";"Receitas Brutas Realizadas";"RO1.9.9.0.04.0.0";"1.9.9.0.04.0.0 - Contribuição ao Montepio Civil";249563,31;8569324;"1.9.9.0.04.0.0"
"274";2018;"Governo Federal";1;"BR";"DCA-Anexo I-C";"Padrão";"Outras Deduções da Receita";"RO1.9.9.0.04.0.0";"1.9.9.0.04.0.0 - Contribuição ao Montepio Civil";-3073,02;8569324;"1.9.9.0.04.0.0"
"275";2018;"Governo Federal";1;"BR";"DCA-Anexo I-C";"Padrão";"Receitas Brutas Realizadas";"RO1.9.9.0.05.0.0";"1.9.9.0.05.0.0 - Barreiras Técnicas ao Comércio Exterior";452152468,99;8569324;"1.9.9.0.05.0.0"
"276";2018;"Governo Federal";1;"BR";"DCA-Anexo I-C";"Padrão";"Outras Deduções da Receita";"RO1.9.9.0.05.0.0";"1.9.9.0.05.0.0 - Barreiras Técnicas ao Comércio Exterior";-2605969,32;8569324;"1.9.9.0.05.0.0"
"277";2018;"Governo Federal";1;"BR";"DCA-Anexo I-C";"Padrão";"Receitas Brutas Realizadas";"RO1.9.9.0.06.0.0";"1.9.9.0.06.0.0 - Contrapartida de Subvenções ou Subsídios";12958675,08;8569324;"1.9.9.0.06.0.0"
"278";2018;"Governo Federal";1;"BR";"DCA-Anexo I-C";"Padrão";"Receitas Brutas Realizadas";"RO1.9.9.0.08.0.0";"1.9.9.0.08.0.0 - Prêmio do Seguro Obrigatório de Danos Pessoais causados por Veículos Automotores de Via Terrestre - DPVAT";2312343962,41;8569324;"1.9.9.0.08.0.0"
"279";2018;"Governo Federal";1;"BR";"DCA-Anexo I-C";"Padrão";"Outras Deduções da Receita";"RO1.9.9.0.08.0.0";"1.9.9.0.08.0.0 - Prêmio do Seguro Obrigatório de Danos Pessoais causados por Veículos Automotores de Via Terrestre - DPVAT";-113551,11;8569324;"1.9.9.0.08.0.0"
"280";2018;"Governo Federal";1;"BR";"DCA-Anexo I-C";"Padrão";"Receitas Brutas Realizadas";"RO1.9.9.0.09.0.0";"1.9.9.0.09.0.0 - Prestação de Contas Eleitorais";5024933,68;8569324;"1.9.9.0.09.0.0"
"281";2018;"Governo Federal";1;"BR";"DCA-Anexo I-C";"Padrão";"Outras Deduções da Receita";"RO1.9.9.0.09.0.0";"1.9.9.0.09.0.0 - Prestação de Contas Eleitorais";-106193,67;8569324;"1.9.9.0.09.0.0"
"282";2018;"Governo Federal";1;"BR";"DCA-Anexo I-C";"Padrão";"Receitas Brutas Realizadas";"RO1.9.9.0.10.0.0";"1.9.9.0.10.0.0 - Reserva Global de Reversão";25847044,39;8569324;"1.9.9.0.10.0.0"
"283";2018;"Governo Federal";1;"BR";"DCA-Anexo I-C";"Padrão";"Receitas Brutas Realizadas";"RO1.9.9.0.11.0.0";"1.9.9.0.11.0.0 - Variação Cambial";619530569,78;8569324;"1.9.9.0.11.0.0"
"284";2018;"Governo Federal";1;"BR";"DCA-Anexo I-C";"Padrão";"Receitas Brutas Realizadas";"RO1.9.9.0.12.0.0";"1.9.9.0.12.0.0 - Encargos Legais pela Inscrição em Dívida Ativa e Receitas de Ônus de Sucumbência";618528855,04;8569324;"1.9.9.0.12.0.0"
"285";2018;"Governo Federal";1;"BR";"DCA-Anexo I-C";"Padrão";"Outras Deduções da Receita";"RO1.9.9.0.12.0.0";"1.9.9.0.12.0.0 - Encargos Legais pela Inscrição em Dívida Ativa e Receitas de Ônus de Sucumbência";-158809585,37;8569324;"1.9.9.0.12.0.0"
"286";2018;"Governo Federal";1;"BR";"DCA-Anexo I-C";"Padrão";"Receitas Brutas Realizadas";"RO1.9.9.0.14.0.0";"1.9.9.0.14.0.0 - Outras Receitas Administradas pela RFB";226203649,5;8569324;"1.9.9.0.14.0.0"
"287";2018;"Governo Federal";1;"BR";"DCA-Anexo I-C";"Padrão";"Outras Deduções da Receita";"RO1.9.9.0.14.0.0";"1.9.9.0.14.0.0 - Outras Receitas Administradas pela RFB";-226151932,09;8569324;"1.9.9.0.14.0.0"
"288";2018;"Governo Federal";1;"BR";"DCA-Anexo I-C";"Padrão";"Receitas Brutas Realizadas";"RO1.9.9.0.99.0.0";"1.9.9.0.99.0.0 - Outras Receitas";9349285963,56;8569324;"1.9.9.0.99.0.0"
"289";2018;"Governo Federal";1;"BR";"DCA-Anexo I-C";"Padrão";"Outras Deduções da Receita";"RO1.9.9.0.99.0.0";"1.9.9.0.99.0.0 - Outras Receitas";-5441269117,77;8569324;"1.9.9.0.99.0.0"
"290";2018;"Governo Federal";1;"BR";"DCA-Anexo I-C";"Padrão";"Receitas Brutas Realizadas";"RO1.9.9.0.99.1.0";"1.9.9.0.99.1.0 - Outras Receitas - Primárias";9235119950,34;8569324;"1.9.9.0.99.1.0"
"291";2018;"Governo Federal";1;"BR";"DCA-Anexo I-C";"Padrão";"Outras Deduções da Receita";"RO1.9.9.0.99.1.0";"1.9.9.0.99.1.0 - Outras Receitas - Primárias";-5441441008,99;8569324;"1.9.9.0.99.1.0"
"292";2018;"Governo Federal";1;"BR";"DCA-Anexo I-C";"Padrão";"Receitas Brutas Realizadas";"RO1.9.9.0.99.2.0";"1.9.9.0.99.2.0 - Outras Receitas - Financeiras";114166013,22;8569324;"1.9.9.0.99.2.0"
"293";2018;"Governo Federal";1;"BR";"DCA-Anexo I-C";"Padrão";"Outras Deduções da Receita";"RO1.9.9.0.99.2.0";"1.9.9.0.99.2.0 - Outras Receitas - Financeiras";171891,22;8569324;"1.9.9.0.99.2.0"
"294";2018;"Governo Federal";1;"BR";"DCA-Anexo I-C";"Padrão";"Receitas Brutas Realizadas";"RO2.0.0.0.00.0.0";"2.0.0.0.00.0.0 - Receitas de Capital";1378491082842,09;8569324;"2.0.0.0.00.0.0"
"295";2018;"Governo Federal";1;"BR";"DCA-Anexo I-C";"Padrão";"Outras Deduções da Receita";"RO2.0.0.0.00.0.0";"2.0.0.0.00.0.0 - Receitas de Capital";-7698199394,01;8569324;"2.0.0.0.00.0.0"
"296";2018;"Governo Federal";1;"BR";"DCA-Anexo I-C";"Padrão";"Receitas Brutas Realizadas";"RO2.1.0.0.00.0.0";"2.1.0.0.00.0.0 - Operações de Crédito";930677527662,11;8569324;"2.1.0.0.00.0.0"
"297";2018;"Governo Federal";1;"BR";"DCA-Anexo I-C";"Padrão";"Outras Deduções da Receita";"RO2.1.0.0.00.0.0";"2.1.0.0.00.0.0 - Operações de Crédito";-715302,44;8569324;"2.1.0.0.00.0.0"
"298";2018;"Governo Federal";1;"BR";"DCA-Anexo I-C";"Padrão";"Receitas Brutas Realizadas";"RO2.1.1.0.00.0.0";"2.1.1.0.00.0.0 - Operações de Crédito - Mercado Interno";923156400919,89;8569324;"2.1.1.0.00.0.0"
"299";2018;"Governo Federal";1;"BR";"DCA-Anexo I-C";"Padrão";"Receitas Brutas Realizadas";"RO2.1.2.0.00.0.0";"2.1.2.0.00.0.0 - Operações de Crédito - Mercado Externo";7521126742,22;8569324;"2.1.2.0.00.0.0"
"300";2018;"Governo Federal";1;"BR";"DCA-Anexo I-C";"Padrão";"Outras Deduções da Receita";"RO2.1.2.0.00.0.0";"2.1.2.0.00.0.0 - Operações de Crédito - Mercado Externo";-715302,44;8569324;"2.1.2.0.00.0.0"
"301";2018;"Governo Federal";1;"BR";"DCA-Anexo I-C";"Padrão";"Receitas Brutas Realizadas";"RO2.2.0.0.00.0.0";"2.2.0.0.00.0.0 - Alienação de Bens";9220825553,06;8569324;"2.2.0.0.00.0.0"
"302";2018;"Governo Federal";1;"BR";"DCA-Anexo I-C";"Padrão";"Outras Deduções da Receita";"RO2.2.0.0.00.0.0";"2.2.0.0.00.0.0 - Alienação de Bens";-3517300601,21;8569324;"2.2.0.0.00.0.0"
"303";2018;"Governo Federal";1;"BR";"DCA-Anexo I-C";"Padrão";"Receitas Brutas Realizadas";"RO2.2.1.0.00.0.0";"2.2.1.0.00.0.0 - Alienação de Bens Móveis";4971901648,31;8569324;"2.2.1.0.00.0.0"
"304";2018;"Governo Federal";1;"BR";"DCA-Anexo I-C";"Padrão";"Outras Deduções da Receita";"RO2.2.1.0.00.0.0";"2.2.1.0.00.0.0 - Alienação de Bens Móveis";-3514787440,86;8569324;"2.2.1.0.00.0.0"
"305";2018;"Governo Federal";1;"BR";"DCA-Anexo I-C";"Padrão";"Receitas Brutas Realizadas";"RO2.2.2.0.00.0.0";"2.2.2.0.00.0.0 - Alienação de Bens Imóveis";219463698,73;8569324;"2.2.2.0.00.0.0"
"306";2018;"Governo Federal";1;"BR";"DCA-Anexo I-C";"Padrão";"Outras Deduções da Receita";"RO2.2.2.0.00.0.0";"2.2.2.0.00.0.0 - Alienação de Bens Imóveis";-2175394,35;8569324;"2.2.2.0.00.0.0"
"307";2018;"Governo Federal";1;"BR";"DCA-Anexo I-C";"Padrão";"Receitas Brutas Realizadas";"RO2.2.3.0.00.0.0";"2.2.3.0.00.0.0 - Alienação de Bens Intangíveis";4029460206,02;8569324;"2.2.3.0.00.0.0"
"308";2018;"Governo Federal";1;"BR";"DCA-Anexo I-C";"Padrão";"Outras Deduções da Receita";"RO2.2.3.0.00.0.0";"2.2.3.0.00.0.0 - Alienação de Bens Intangíveis";-337766;8569324;"2.2.3.0.00.0.0"
"309";2018;"Governo Federal";1;"BR";"DCA-Anexo I-C";"Padrão";"Receitas Brutas Realizadas";"RO2.3.0.0.00.0.0";"2.3.0.0.00.0.0 - Amortização de Empréstimos";165838404097,52;8569324;"2.3.0.0.00.0.0"
"310";2018;"Governo Federal";1;"BR";"DCA-Anexo I-C";"Padrão";"Outras Deduções da Receita";"RO2.3.0.0.00.0.0";"2.3.0.0.00.0.0 - Amortização de Empréstimos";-941719314,42;8569324;"2.3.0.0.00.0.0"
"311";2018;"Governo Federal";1;"BR";"DCA-Anexo I-C";"Padrão";"Receitas Brutas Realizadas";"RO2.4.0.0.00.0.0";"2.4.0.0.00.0.0 - Transferências de Capital";33007854,61;8569324;"2.4.0.0.00.0.0"
"312";2018;"Governo Federal";1;"BR";"DCA-Anexo I-C";"Padrão";"Outras Deduções da Receita";"RO2.4.0.0.00.0.0";"2.4.0.0.00.0.0 - Transferências de Capital";-6627713,47;8569324;"2.4.0.0.00.0.0"
"313";2018;"Governo Federal";1;"BR";"DCA-Anexo I-C";"Padrão";"Receitas Brutas Realizadas";"RO2.4.1.0.00.0.0";"2.4.1.0.00.0.0 - Transferências da União e de suas Entidades";5407473,53;8569324;"2.4.1.0.00.0.0"
"314";2018;"Governo Federal";1;"BR";"DCA-Anexo I-C";"Padrão";"Outras Deduções da Receita";"RO2.4.1.0.00.0.0";"2.4.1.0.00.0.0 - Transferências da União e de suas Entidades";-10089,68;8569324;"2.4.1.0.00.0.0"
"315";2018;"Governo Federal";1;"BR";"DCA-Anexo I-C";"Padrão";"Receitas Brutas Realizadas";"RO2.4.3.0.00.0.0";"2.4.3.0.00.0.0 - Transferências dos Municípios e de suas Entidades";6653612,79;8569324;"2.4.3.0.00.0.0"
"316";2018;"Governo Federal";1;"BR";"DCA-Anexo I-C";"Padrão";"Outras Deduções da Receita";"RO2.4.3.0.00.0.0";"2.4.3.0.00.0.0 - Transferências dos Municípios e de suas Entidades";-6617623,79;8569324;"2.4.3.0.00.0.0"
"317";2018;"Governo Federal";1;"BR";"DCA-Anexo I-C";"Padrão";"Receitas Brutas Realizadas";"RO2.4.5.0.00.0.0";"2.4.5.0.00.0.0 - Transferências de Outras Instituições Públicas";1502000;8569324;"2.4.5.0.00.0.0"
"318";2018;"Governo Federal";1;"BR";"DCA-Anexo I-C";"Padrão";"Receitas Brutas Realizadas";"RO2.4.6.0.00.0.0";"2.4.6.0.00.0.0 - Transferências do Exterior";19444768,29;8569324;"2.4.6.0.00.0.0"
"319";2018;"Governo Federal";1;"BR";"DCA-Anexo I-C";"Padrão";"Receitas Brutas Realizadas";"RO2.9.0.0.00.0.0";"2.9.0.0.00.0.0 - Outras Receitas de Capital";272721317674,79;8569324;"2.9.0.0.00.0.0"
"320";2018;"Governo Federal";1;"BR";"DCA-Anexo I-C";"Padrão";"Outras Deduções da Receita";"RO2.9.0.0.00.0.0";"2.9.0.0.00.0.0 - Outras Receitas de Capital";-3231836462,47;8569324;"2.9.0.0.00.0.0"
"321";2018;"Governo Federal";1;"BR";"DCA-Anexo I-C";"Padrão";"Receitas Brutas Realizadas";"RO2.9.2.0.00.0.0";"2.9.2.0.00.0.0 - Resultado do Banco Central";184212180025,57;8569324;"2.9.2.0.00.0.0"
"322";2018;"Governo Federal";1;"BR";"DCA-Anexo I-C";"Padrão";"Receitas Brutas Realizadas";"RO2.9.3.0.00.0.0";"2.9.3.0.00.0.0 - Remuneração das Disponibilidades do Tesouro";88509137649,22;8569324;"2.9.3.0.00.0.0"
"323";2018;"Governo Federal";1;"BR";"DCA-Anexo I-C";"Padrão";"Outras Deduções da Receita";"RO2.9.3.0.00.0.0";"2.9.3.0.00.0.0 - Remuneração das Disponibilidades do Tesouro";-3231836462,47;8569324;"2.9.3.0.00.0.0"
"324";2018;"Governo Federal";1;"BR";"DCA-Anexo I-C";"Padrão";"Receitas Brutas Realizadas";"RO7.0.0.0.00.0.0";"7.0.0.0.00.0.0 - Receitas Correntes - Intraorçamentárias";33670089436,04;8569324;"7.0.0.0.00.0.0"
"325";2018;"Governo Federal";1;"BR";"DCA-Anexo I-C";"Padrão";"Outras Deduções da Receita";"RO7.0.0.0.00.0.0";"7.0.0.0.00.0.0 - Receitas Correntes - Intraorçamentárias";-11297682,81;8569324;"7.0.0.0.00.0.0"
"326";2018;"Governo Federal";1;"BR";"DCA-Anexo I-C";"Padrão";"Receitas Brutas Realizadas";"RO7.1.0.0.00.0.0";"7.1.0.0.00.0.0 - Impostos, Taxas e Contribuições de Melhoria - Intraorçamentárias";2919928,71;8569324;"7.1.0.0.00.0.0"
"327";2018;"Governo Federal";1;"BR";"DCA-Anexo I-C";"Padrão";"Outras Deduções da Receita";"RO7.1.0.0.00.0.0";"7.1.0.0.00.0.0 - Impostos, Taxas e Contribuições de Melhoria - Intraorçamentárias";-590551,8;8569324;"7.1.0.0.00.0.0"
"328";2018;"Governo Federal";1;"BR";"DCA-Anexo I-C";"Padrão";"Receitas Brutas Realizadas";"RO7.2.0.0.00.0.0";"7.2.0.0.00.0.0 - Contribuições - Intraorçamentárias";19813376815,19;8569324;"7.2.0.0.00.0.0"
"329";2018;"Governo Federal";1;"BR";"DCA-Anexo I-C";"Padrão";"Outras Deduções da Receita";"RO7.2.0.0.00.0.0";"7.2.0.0.00.0.0 - Contribuições - Intraorçamentárias";-39444,15;8569324;"7.2.0.0.00.0.0"
"330";2018;"Governo Federal";1;"BR";"DCA-Anexo I-C";"Padrão";"Receitas Brutas Realizadas";"RO7.2.1.0.00.0.0";"7.2.1.0.00.0.0 - Contribuições Sociais - Intraorçamentárias";19813354353,07;8569324;"7.2.1.0.00.0.0"
"331";2018;"Governo Federal";1;"BR";"DCA-Anexo I-C";"Padrão";"Outras Deduções da Receita";"RO7.2.1.0.00.0.0";"7.2.1.0.00.0.0 - Contribuições Sociais - Intraorçamentárias";-39198,08;8569324;"7.2.1.0.00.0.0"
"332";2018;"Governo Federal";1;"BR";"DCA-Anexo I-C";"Padrão";"Receitas Brutas Realizadas";"RO7.2.1.5.00.0.0";"7.2.1.5.00.0.0 - Contribuição para o Plano de Seguridade Social do Servidor Público - CPSSS - Intraorçamentárias";19813354353,07;8569324;"7.2.1.5.00.0.0"
"333";2018;"Governo Federal";1;"BR";"DCA-Anexo I-C";"Padrão";"Outras Deduções da Receita";"RO7.2.1.5.00.0.0";"7.2.1.5.00.0.0 - Contribuição para o Plano de Seguridade Social do Servidor Público - CPSSS - Intraorçamentárias";-39198,08;8569324;"7.2.1.5.00.0.0"
"334";2018;"Governo Federal";1;"BR";"DCA-Anexo I-C";"Padrão";"Receitas Brutas Realizadas";"RO7.2.1.5.01.0.0";"7.2.1.5.01.0.0 - CPSSS - Servidor Civil - Intraorçamentárias";7743071679,26;8569324;"7.2.1.5.01.0.0"
"335";2018;"Governo Federal";1;"BR";"DCA-Anexo I-C";"Padrão";"Outras Deduções da Receita";"RO7.2.1.5.01.0.0";"7.2.1.5.01.0.0 - CPSSS - Servidor Civil - Intraorçamentárias";-661,23;8569324;"7.2.1.5.01.0.0"
"336";2018;"Governo Federal";1;"BR";"DCA-Anexo I-C";"Padrão";"Receitas Brutas Realizadas";"RO7.2.1.5.02.0.0";"7.2.1.5.02.0.0 CPSSS Patronal - Intraorçamentárias";12070282673,81;8569324;"7.2.1.5.02.0.0 CPSSS Patronal"
"337";2018;"Governo Federal";1;"BR";"DCA-Anexo I-C";"Padrão";"Outras Deduções da Receita";"RO7.2.1.5.02.0.0";"7.2.1.5.02.0.0 CPSSS Patronal - Intraorçamentárias";-38536,85;8569324;"7.2.1.5.02.0.0 CPSSS Patronal"
"338";2018;"Governo Federal";1;"BR";"DCA-Anexo I-C";"Padrão";"Receitas Brutas Realizadas";"RO7.2.2.0.00.0.0";"7.2.2.0.00.0.0 - Contribuições Econômicas - Intraorçamentárias";22462,12;8569324;"7.2.2.0.00.0.0"
"339";2018;"Governo Federal";1;"BR";"DCA-Anexo I-C";"Padrão";"Outras Deduções da Receita";"RO7.2.2.0.00.0.0";"7.2.2.0.00.0.0 - Contribuições Econômicas - Intraorçamentárias";-246,07;8569324;"7.2.2.0.00.0.0"
"340";2018;"Governo Federal";1;"BR";"DCA-Anexo I-C";"Padrão";"Receitas Brutas Realizadas";"RO7.3.0.0.00.0.0";"7.3.0.0.00.0.0 - Receita Patrimonial - Intraorçamentárias";12021255,9;8569324;"7.3.0.0.00.0.0"
"341";2018;"Governo Federal";1;"BR";"DCA-Anexo I-C";"Padrão";"Outras Deduções da Receita";"RO7.3.0.0.00.0.0";"7.3.0.0.00.0.0 - Receita Patrimonial - Intraorçamentárias";-59190,85;8569324;"7.3.0.0.00.0.0"
"342";2018;"Governo Federal";1;"BR";"DCA-Anexo I-C";"Padrão";"Receitas Brutas Realizadas";"RO7.5.0.0.00.0.0";"7.5.0.0.00.0.0 - Receita Industrial - Intraorçamentárias";171295352,5;8569324;"7.5.0.0.00.0.0"
"343";2018;"Governo Federal";1;"BR";"DCA-Anexo I-C";"Padrão";"Outras Deduções da Receita";"RO7.5.0.0.00.0.0";"7.5.0.0.00.0.0 - Receita Industrial - Intraorçamentárias";-86606,71;8569324;"7.5.0.0.00.0.0"
"344";2018;"Governo Federal";1;"BR";"DCA-Anexo I-C";"Padrão";"Receitas Brutas Realizadas";"RO7.6.0.0.00.0.0";"7.6.0.0.00.0.0 - Receita de Serviços - Intraorçamentárias";32395478,95;8569324;"7.6.0.0.00.0.0"
"345";2018;"Governo Federal";1;"BR";"DCA-Anexo I-C";"Padrão";"Outras Deduções da Receita";"RO7.6.0.0.00.0.0";"7.6.0.0.00.0.0 - Receita de Serviços - Intraorçamentárias";-7690035,28;8569324;"7.6.0.0.00.0.0"
"346";2018;"Governo Federal";1;"BR";"DCA-Anexo I-C";"Padrão";"Receitas Brutas Realizadas";"RO7.9.0.0.00.0.0";"7.9.0.0.00.0.0 - Outras Receitas Correntes - Intraorçamentárias";13638080604,79;8569324;"7.9.0.0.00.0.0"
"347";2018;"Governo Federal";1;"BR";"DCA-Anexo I-C";"Padrão";"Outras Deduções da Receita";"RO7.9.0.0.00.0.0";"7.9.0.0.00.0.0 - Outras Receitas Correntes - Intraorçamentárias";-2831854,02;8569324;"7.9.0.0.00.0.0"
"348";2018;"Governo Federal";1;"BR";"DCA-Anexo I-C";"Padrão";"Receitas Brutas Realizadas";"RO8.0.0.0.00.0.0";"8.0.0.0.00.0.0 - Receitas de Capital - Intraorçamentárias";567457450,4;8569324;"8.0.0.0.00.0.0"
